"ID","COMPLEXITY","NAME","N TERMINUS","SEQUENCE","C TERMINUS"
"14","Monomer","Brevinin-2 related peptide B2RP   ","","GIWDTIKSMGKVFAGKILQNL","AMD"
"37","Monomer","PGLa","","GMASKAGAIAGKIAKVALKAL","AMD"
"102","Monomer","Dermaseptin S4 [M4K][N20K] ","","ALWKTLLKKVLKAAAKAALKAVLVGANA",""
"140","Monomer","LL-37 [F4,5L]","","LLGDLLRKSKEKIGKEFKRIVQRIKDFLRNLVPRTES",""
"141","Monomer","LL-37 (1-23)[F4,5L]","","LLGDLLRKSKEKIGKEFKRIVQR",""
"142","Monomer","LL-37 (18-37), KR-20","","KRIVQRIKDFLRNLVPRTES",""
"143","Monomer","LL-37 (9-29)","","SKEKIGKEFKRIVQRIKDFLR",""
"144","Monomer","LL-37 (17-29)","","FKRIVQRIKDFLR",""
"145","Monomer","","","RLFDKIRQVIRKF",""
"146","Monomer","LL-37 fragment KR-12","","KRIVQRIKDFLR",""
"147","Monomer","LL-37 (16-32)[E1G], LL-37 fragment GF-17","","GFKRIVQRIKDFLRNLV",""
"148","Monomer","","","GFKRIVQRiKDFLRNLV",""
"149","Monomer","","","GFKRIVQRiKDFlRNLV",""
"150","Monomer","LL-37 (13-32)[I13G,G14I]","","GIKEFKRIVQRIKDFLRNLV",""
"151","Monomer","LL-37 (13-32)[I13G,G14I,F17Phg]","","GIKEXKRIVQRIKDFLRNLV",""
"152","Monomer","LL-37 (13-32)[I13G,G14I,F17W]","","GIKEWKRIVQRIKDFLRNLV",""
"153","Monomer","LL-37 (13-32)[I13G,G14I,E16Q]","","GIKQFKRIVQRIKDFLRNLV",""
"154","Monomer","LL-37 (13-32)[I13G,G14I,I20E,V21F]","","GIKEFKREFQRIKDFLRNLV",""
"156","Monomer","Cathelicidin-6 (1-18)[K9P,L17I]","","GRFKRFRKPFKKLFKKIS",""
"157","Monomer","Cathelicidin-6 (1-18)[F6,10Phg;L17I]","","GRFKRXRKKXKKLFKKIS",""
"158","Monomer","Cathelicidin-6 (1-18)[F6I,F10L, L17I]","","GRFKRIRKKLKKLFKKIS",""
"159","Monomer","Cathelicidin-6 (1-15)","","GRFKRFRKKFKKLFK",""
"354","Monomer","[RLLR]5","","RLLRRLLRRLLRRLLRRLLR",""
"355","Monomer","N-[RLLR]3 ","","APKAMRLLRRLLRRLLR",""
"360","Monomer","Magainin-2 	 ","","GIGKFLHSAKKFGKAFVGEIMNS",""
"491","Monomer","Cathelicidin-4, Indolicidin","","ILPWKWPWWPWRR","AMD"
"505","Monomer","Caerin-1.10","","GLLSVLGSVAKHVLPHVVPVIAEKL","AMD"
"506","Monomer","Temporin-A","","FLPLIGRVLSGIL","AMD"
"550","Monomer","M-zodatoxin-Lt3a, Latarcin-3a, Ltc-3a, La47","","SWKSMAKKLKEYMEKLKQRA","AMD"
"564","Monomer","Drosocin, Drosocin-1","","GKPRPYSPRPTSHPRPIRV",""
"606","Monomer","Dermaseptin S4","","ALWMTLLKKVLKAAAKAALNAVLVGANA",""
"609","Monomer","Dermaseptin S4 [M4D][N20D]","","ALWDTLLKKVLKAAAKAALDAVLVGANA",""
"611","Monomer","Dermaseptin S4 [M4K] ","","ALWKTLLKKVLKAAAKAALNAVLVGANA",""
"613","Monomer","Dermaseptin S4 (1-16)","","ALWMTLLKKVLKAAAK",""
"616","Monomer","Dermaseptin S4 (5-28)","","TLLKKVLKAAAKAALNAVLVGANA",""
"734","Monomer","Kalata-B1 ","","GLPVCGETCVGGTCNTPGCTCSWPVCTRN",""
"755","Monomer","Circulin-A, CIRA","","GIPCGESCVWIPCISAALGCSCKNKVCYRN",""
"757","Monomer","Circulin-B, CIRB","","GVIPCGESCVFIPCISTLLGCSCKNKVCYRN",""
"758","Monomer","Moronecidin, Piscidin-2 ","","FFHHIFRGIVHVGKTIHKLVTG","AMD"
"759","Monomer","Neutrophil defensin 1, HNP-1","","ACYCRIPACIAGERRYGTCIYQGRLWAFCC",""
"823","Monomer","Theta defensin 1, RTD-1 ","","GFCRCLCRRGVCRCICTR",""
"825","Monomer","Theta defensin 3, RTD-3  ","","GFCRCICTRGFCRCICTR",""
"832","Monomer","Maximin-1","","GIGTKILGGVKTALKGALKELASTYAN","AMD"
"835","Monomer","Maximin 3 ","","GIGGKILSGLKTALKGAAKELASTYLH",""
"841","Monomer","Maximin 4","","GIGGVLLSAGKAALKGLAKVLAEKYAN","AMD"
"843","Monomer","Maximin 5","","SIGAKILGGVKTFFKGALKELASTYLQ",""
"847","Monomer","Temporin-B, Temporin-1Tb	","","LLPIVGNLLKSLL","AMD"
"871","Monomer","Neutrophil antibiotic peptide NP-4, RatNP-4, Neutrophil defensin 4","","ACYCRIGACVSGERLTGACGLNGRIYRLCCR",""
"872","Monomer","Buforin-2, Histone H2A","","TRSSRAGLQFPVGRVHRLLRK",""
"989","Monomer","Ranatuerin-2P ","","",""
"991","Monomer","Dermaseptin-1, DS I, Dermaseptin-S1, DS1","","ALWKTMLKKLGTMALHAGKAALGAAADTISQGTQ",""
"1018","Monomer","Ranatuerin-9","","FLFPLITSFLSKVL",""
"1098","Monomer","Dermaseptin-3, DS III, Dermaseptin-S3, DS3","","ALWKNMLKGIGKLAGKAALGAVKKLVGAES",""
"1121","Monomer","Beta-defensin 4A, Beta-defensin 2, BD-2, hBD-2, SAP1","","GIGDPVTCLKSGAICHPVFCPRRYKQIGTCGLPGTKCCKKP",""
"1136","Monomer","Caerin-1.1","","GLLSVLGSVAKHVLPHVVPVIAEHL","AMD"
"1162","Monomer","Drosocin","","GKPRPYXPRPXSHPRPIRV",""
"1231","Monomer","Misgurin","","RQRVEELSKFSKKGAAARRRK",""
"1339","Monomer","Spinigerin","","HVDKKVADKVLLLKQLRIMRLLTRL",""
"1501","Monomer","Odorranain-K1","","GLFTLIKGAAKLIGKTVPKKQARLGMNLWLVKLPTNVKT",""
"1525","Monomer","Nigrosin-OG21 antimicrobial peptide","","GLLSGVLGVGKKVLCGLSGLC",""
"1526","Monomer","Nigrosin-OG13 ","","GLLSGILGAGKHIVCGLSGLR",""
"1568","Monomer","Antifungal lectin PVAP","","SNDIYFNFQR",""
"1647","Monomer","Cicadin","","NEYHGFVDKANNENKRKKQQGRDDFVVKPNNFANRRRKDDYNENYYDDVDAADVV",""
"1648","Monomer","Neutrophil defensin 4, Defensin alpha 4, HNP-4 ","","VCSCRLVFCRRTELRVGNCLIGGVSFTYCCTRV",""
"1650","Monomer","Gymnin","","KTCENLADDY",""
"1665","Monomer","Defensin-like protein, Coccinin","","KQTENLADTY",""
"1687","Monomer","Human Defensin-5, HD5","","ATCYCRTGRCATRESLSGVCEISGRLYRLCCR",""
"1718","Monomer","Parasin I","","KGRGKQGGKVRAKAKTRSS",""
"1773","Monomer","Leaf cyclotide, Vhl-1","","CGESCAXISFCFTEVIGCSCKNKVCYLNSIS",""
"1820","Monomer","Esculentin-2P","","GFSSIFRGVAKFASKGLGKDLARLGVNLVACKISKQC",""
"1824","Monomer","Maculatin-1.1","","GLFGVLAKVAAHVVPAIAEHF","AMD"
"1990","Monomer","Caerin-1.6","","GLFSVLGAVAKHVLPHVVPVIAEKL","AMD"
"1991","Monomer","Caerin-1.20","","GLFGILGSVAKHVLPHVIPVVAEHL","AMD"
"2090","Monomer","Apidaecin-1A","","GNNRPVYIPQPRPPHPRI",""
"2249","Monomer","Metalnikowin-1 ","","VDKPDYRPRPRPPNM",""
"2250","Monomer","D70, Uperin 7.1 [S11K][A12R][V13F]","","GWFDVVKHIAKRF","AMD"
"2253","Monomer","D74, DASamP2, Polybia-MPI [D2K][D8R][Q12R]","","IKWKKLLRAAKRIL","AMD"
"2254","Monomer","Hyposin-5, Hyposin-HA4","","FRPALIVRTKGTRL",""
"2255","Monomer","D76, DASamP1, Temporin-PTa [S4K][P10R][L13F]","","FFGKVLKLIRKIF","AMD"
"2277","Monomer","Uperin 7.1 [V5I,V6I,K8H,A12E,L13V]","","GWFDIIKKIASEL","AMD"
"2283","Monomer","Ponericin-L2","","LLKELWTKIKGAGKAVLGKIKGLL","AMD"
"2295","Monomer","D88, Distinctin chain 1 [C23R]","","NLVSGLIEARKYLEQLHRKLKNRKV",""
"2298","Monomer","Maculatin 1.3","","GLLGLLGSVVSHVVPAIVGHF","AMD"
"2299","Monomer","D94, Bacteriocin plantaricin J, Bacteriocin PlnJ","","GAWKNFWSSLRKGFYDGEAGRAIRR",""
"2300","Monomer","Ascaphin-8","","GFKDLLKGAAKALVKTVLF","AMD"
"2306","Monomer","D98, Temporin-LTc-3r, Temporin-LTc [S7R][P14R][P15R]","","SLSRFLRFLKIVYRRAF","AMD"
"2307","Monomer","Isracidin, Alpha-S1-casein","","RPKHPIKHQGLPQEVLNENLLRF",""
"2364","Monomer","Clavanin-B","","VFQFLGRIIHHVGNFVHGFSHVF",""
"2365","Monomer","Desertcolin 1","","GLADFLNKAVGKVVDFVKS","AMD"
"2367","Monomer","Lycotoxin I, M-lycotoxin-Hc1a","","IWLTALKFLGKHAAKHLAKQQLSKL",""
"2368","Monomer","Mastoparan-VT1","","INLKAIAALAKKLL",""
"2369","Monomer","Melectin, MEP","","GFLSILKKVLPKVMAHMK","AMD"
"2370","Monomer","Piscidin 1, Moronecidin","","FFHHIFRGIVHVGKTIHRLVTG","AMD"
"2372","Monomer","Pseudin-1","","GLNTLKKVFQGLHEAIKLINNHVQ",""
"2373","Monomer","Styelin-A","","GFGKAFHSVSNFAKKHKTA","AMD"
"2450","Monomer","T22, Polyphemusin II [Tyr-5,12, Lys-7]","","RRWCYRKCYKGYCYRKCR","AMD"
"2451","Monomer","Varv E, Varv peptide E","","GLPICGETCVGGTCNTPGCSCSWPVCTRN",""
"2536","Monomer","Kalata-B8","","GSVLNCGETCLLGTCYTTGCTCNKYRVCTKD",""
"2537","Monomer","Leaf cyclotide 1, Vhl-1","","SISCGESCAMISFCFTEVIGCSCKNKVCYLN",""
"2539","Monomer","Defensin MGD1 (25-33) peptide B","","CGGWHRLRC",""
"2542","Monomer","Defensin MGD1(25-33) peptide D","","CGGWKRKRC",""
"2550","Monomer","Defensin MGD1(21-39) peptide P","","CGGYCGGWKRKRCTSYRCG",""
"2570","Monomer","PTA2c, pinto bean antifungal peptide, Defensin D1","","KTCENLADTYKGPCFTTGSCDDHCKNKEHLRSGRCRDDFRCWCTKNC",""
"2571","Monomer","AB2, red bean antifungal peptide, Putative defensin 3.1","","ATCENLANTYRGPCFGGCDFHCKTKEHLLSGRCRDDFRCWCTRNC",""
"2572","Monomer","Caerin 1.9","","GLFGVLGSIAKHVLPHVVPVIAEKL","AMD"
"2981","Monomer","Palicourein","","GDPTFCGETCRVIPVCTYSAALGCTCDDRSDGLCKRN",""
"2982","Monomer","Circulin-C","","GIPCGESCVFIPCITSVAGCSCKSKVCYRN",""
"2983","Monomer","Circulin-D","","KIPCGESCVWIPCVTSIFNCKCENKVCYHD",""
"2984","Monomer","Circulin-E","","KIPCGESCVWIPCLTSVFNCKCENKVCYHD",""
"2985","Monomer","Circulin-F","","AIPCGESCVWIPCISAAIGCSCKNKVCYR",""
"3225","Monomer","Antimicrobial peptide 1, Cn-AMP1","","SVAGRAQGM",""
"3353","Monomer","Peptide Hp1090, Um5","","IFKAIWSGIKSLF","AMD"
"3354","Monomer","Peptide Hp1035","","IFSAIGGFLKSIF","AMD"
"3752","Monomer","Mucroporin","","LFGLIPSLIGGLVSAFK","AMD"
"3753","Monomer","Mucroporin-M1, Mucroporin [G3,11R,P6K,G10K]","","LFRLIKSLIKRLVSAFK","AMD"
"3807","Monomer","Retrocyclin-1, RC-100","","GICRCICGRGICRCICGR",""
"3808","Monomer","Retrocyclin-112, RC-112","","GicrcicGrGicrcicGr",""
"3809","Monomer","Retrocyclin-2, RC-100b","","GICRCICGRRICRCICGR",""
"3916","Monomer","Caerin-1.5","","GLLSVLGSVVKHVIPHVVPVIAEHL","AMD"
"3937","Monomer","Hepcidin TH2-3","","QSHLSLCRWCCNCCRSNKGC",""
"3942","Monomer","Maximin-H5","","ILGPVLGLVSDTLDDVLGIL","AMD"
"4198","Monomer","Tilapia piscidin 3, TP3","","FIHHIIGGLFSVGKHIHSLIHGH","AMD"
"4199","Monomer","Tilapia piscidin 4, TP4","","FIHHIIGGLFSAGKAIHRLIRRRRR","AMD"
"4201","Monomer","Epinecidin-1 (22-42)","","GFIFHIIKGLFHAGKMIHGLV","AMD"
"4223","Monomer","Caerin-1.2","","GLLGVLGSVAKHVLPHVVPVIAEHL","AMD"
"4224","Monomer","Caerin-1.7","","GLFKVLGSVAKHLLPHVAPVIAEKL","AMD"
"4330","Monomer","Peptide Hp1036","","ILGKIWEGIKSIF","AMD"
"4331","Monomer","Peptide Hp1239","","ILSYLWNGIKSIF","AMD"
"4349","Monomer","Dermaseptin-S9","","GLRSKIWLWVLLMIWQESNKFKKM",""
"4572","Monomer","Kn2-7","","FIKRIARLLRKIF","AMD"
"4631","Monomer","NS5A-derived peptide C5A","","SWLRDIWDWICEVLSDFK",""
"4632","Monomer","NS5A-derived peptide C5A [I6L]","","SWLRDLWDWICEVLSDFK",""
"4633","Monomer","NS5A-derived peptide C5A [I10L]","","SWLRDIWDWLCEVLSDFK",""
"4634","Monomer","NS5A-derived peptide C5A [V13L]","","SWLRDIWDWICELLSDFK",""
"4635","Monomer","NS5A-derived peptide C5A [I6L,I10L]","","SWLRDLWDWLCEVLSDFK",""
"4636","Monomer","NS5A-derived peptide C5A [I6L,V13L]","","SWLRDLWDWICELLSDFK",""
"4637","Monomer","NS5A-derived peptide C5A [I10L,V13L]","","SWLRDIWDWLCELLSDFK",""
"4638","Monomer","NS5A-derived peptide C5A [I6L,I10L,V13L]","","SWLRDLWDWLCELLSDFK",""
"4639","Monomer","NS5A-derived peptide C5A [I10V]","","SWLRDIWDWVCEVLSDFK",""
"4640","Monomer","NS5A-derived peptide C5A [I10A]","","SWLRDIWDWACEVLSDFK",""
"4641","Monomer","NS5A-derived peptide C5A [I10G]","","SWLRDIWDWGCEVLSDFK",""
"4642","Monomer","NS5A-derived peptide C5A [I10S]","","SWLRDIWDWSCEVLSDFK",""
"4643","Monomer","NS5A-derived peptide C5A [I10E]","","SWLRDIWDWECEVLSDFK",""
"4644","Monomer","NS5A-derived peptide C5A [I10K]","","SWLRDIWDWKCEVLSDFK",""
"4867","Monomer","Piscidin 1, Moronecidin","","FFHHIFRGIVHVGKTIHRLVTG",""
"5100","Monomer","Defensin-1-Ir, Def1-Ir","","GGYYCPFFQDKCHRHCRSFGRKAGYCGGFLKKTCICV",""
"5102","Monomer","Defensin2-Ir, Def2-Ir","","GGYYCPFRQDKCHRHCRSFGRKAGYCGGFLKKTCICV",""
"5185","Monomer","D Kalata-B1 ","","GlpvcGetcvGGtcntpGctcswpvctrn",""
"5269","Monomer","Elafin","","AQEPVKGPVSTKPGSCPIILIRCAMLNPPNRCLKDTDCPGIKKCCEGSCGMACFVPQ",""
"5401","Monomer","Neutrophil defensin 2, HNP-2","","CYCRIPACIAGERRYGTCIYQGRLWAFCC",""
"5443","Monomer","Peptide Ctry2459","","FLGFLKNLF","AMD"
"5444","Monomer","Peptide Ctry2459 [K6H][N7H]","","FLGFLHHLF","AMD"
"5445","Monomer","Peptide Ctry2459 [G3H][K6H][N7H]","","FLHFLHHLF","AMD"
"5569","Monomer","Piscidin 3","","FIHHIFRGIVHAGRSIGRFLTG",""
"5627","Monomer","Pardaxin P-4","","GFFALIPKIISSPLFKTLLSAVGSALSSSGGQE",""
"5850","Monomer","White cloud bean defensin","","MEKKSFAGLCFLFLVLFVAQECVLQTEAKTCENLADTFRGPCFATGNCDDHCKNKEHLLRGRCRDDFRCWCTRNC",""
"5891","Monomer","I33","","QLLIRMIYKNILFYLVPGPGHGAEPERRNIKYL",""
"5893","Monomer","I29","","RMIYKNILFYLVPGPGHGAEPERRNIKYL",""
"5894","Monomer","LCD278C","","QLLIRMIYKNI",""
"5895","Monomer","EBR26","","LFYLVPGPGHG",""
"5896","Monomer","EBR24","","AEPERRNIKYL",""
"5897","Monomer","EBR28","","YQLLIRMIYKNI",""
"5898","Monomer","EBR28 [Q2A]","","YALLIRMIYKNI",""
"5899","Monomer","EBR28 [L3A]","","YQALIRMIYKNI",""
"5900","Monomer","EBR28 [L4A]","","YQLAIRMIYKNI",""
"5901","Monomer","EBR28 [I5A]","","YQLLARMIYKNI",""
"5902","Monomer","EBR28 [R6A]","","YQLLIAMIYKNI",""
"5903","Monomer","EBR28 [M7A]","","YQLLIRAIYKNI",""
"5904","Monomer","EBR28 [I8A]","","YQLLIRMAYKNI",""
"5905","Monomer","EBR28 [Y9A]","","YQLLIRMIAKNI",""
"5906","Monomer","EBR28 [K10A]","","YQLLIRMIYANI",""
"5907","Monomer","EBR28 [N11A]","","YQLLIRMIYKAI",""
"5908","Monomer","EBR28 [I12A]","","YQLLIRMIYKNA",""
"5915","Monomer","LCE41","","YQLLIRMIY",""
"5916","Monomer","LCE40","","YQLLIRMI",""
"5917","Monomer","LCD278B","","QLLIRMI",""
"5918","Monomer","EBR28 [M7P]","","YQLLIRPIYKNI",""
"5919","Monomer","C35","","LSELDDRADALQAGASQFETSAAKLKRKYWWKN",""
"5920","Monomer","Vif (1-8)","","MENRWQVM","AMD"
"5921","Monomer","Vif (9-16)","","IVWQVDRM","AMD"
"5922","Monomer","Vif (17-29)","","RIRTWKSLVKHHM","AMD"
"5923","Monomer","Vif (30-65)","","YVSGKARGWFYRHHYESPHPRISSEVHIPLGDARLV","AMD"
"5924","Monomer","Vif (30-44)","","YVSGKARGWFYRHHY","AMD"
"5925","Monomer","Vif (41-55)","","RHHYESPHPRISSEV","AMD"
"5927","Monomer","Vif (51-65)","","ISSEVHIPLGDARLV","AMD"
"5928","Monomer","Vif (59-74)","","LGDARLVITTYWGLHT","AMD"
"5929","Monomer","Vif (66-81)","","ITTYWGLHTGERDWHL","AMD"
"5930","Monomer","Vif (78-92)","","DWHLGQGVSIEWRKK","AMD"
"5932","Monomer","Caerin 1.19","","GLFKVLGSVAKHLLPHVAPIIAEKL","AMD"
"5952","Monomer","Vif (88-98)","","EWRKKRYSTQV","AMD"
"5953","Monomer","Vif (30-37)","","YVSGKARG","AMD"
"5954","Monomer","Vif (33-40)","","GKARGWFY","AMD"
"5955","Monomer","Vif (37-44)","","GWFYRHHY","AMD"
"5956","Monomer","Vif (51-59)","","ISSEVHIPL","AMD"
"5957","Monomer","Vif (55-62)","","VHIPLGDA","AMD"
"5958","Monomer","Vif (58-65)","","PLGDARLV","AMD"
"5959","Monomer","Vif (78-85)","","DWHLGQGV","AMD"
"5960","Monomer","Vif (81-88)","","LGQGVSIE","AMD"
"5961","Monomer","Vif (85-92)","","VSIEWRKK","AMD"
"5962","Monomer","Vif (88-95)","","EWRKKRYS","AMD"
"5965","Monomer","VMI 7","","SNQGGSPLPRSV",""
"5966","Monomer","VMI 9","","LPLPAPSFHRTT",""
"5967","Monomer","Vif (155-166)","","KPKQIKPPLPSV",""
"5979","Monomer","Apelin-36","","LVQPRGPRSGPGPWQGGRRKFRRQRPRLSHKGPMPF",""
"5981","Monomer","Apelin-17","","KFRRQRPRLSHKGPMPF",""
"5982","Monomer","Apelin-13","","QRPRLSHKGPMPF",""
"5983","Monomer","Apelin-12","","RPRLSHKGPMPF",""
"5984","Monomer","Apelin-11","","PRLSHKGPMPF",""
"5986","Monomer","Caps-WT","","APKEWMEWDREINNYTSLIHSLIKQGI",""
"5987","Monomer","Ncap-MT","","APKEWMAWAREIAAYAKLIAALI",""
"5988","Monomer","Caps-MT","","APKEWMAWAREIAAYAKLIAALIKQGI",""
"5991","Monomer","HIV-1 RT (166-185)","","KILEPFRKQNPDIVIYQYMD",""
"5992","Monomer","HIV-1 RT (156-175)","","SPAIFQSSMTKILEPFRKQN",""
"5993","Monomer","HIV-1 RT (176-195)","","PDIVIYQYMDDLYVGSDLEI",""
"5994","Monomer","HIV-1 RT (516-535)","","ELVNQIIEQLIKKEKVYLAW",""
"5995","Monomer","HIV-1 RT (506-525)","","IQAQPDQSESELVNQIIEQL",""
"5996","Monomer","HIV-1 RT (526-545)","","IKKEKVYLAWVPAHKGIGN",""
"5997","Monomer","HIV-1 RT (171-185)","","FRKQNPDIVIYQYMD",""
"5999","Monomer","HIV-1 RT (519-532)","","NQIIEQLIKKEKVY",""
"6000","Monomer","HIV-1 RT (514-528)","","ESELVSQIIEQLIKK",""
"6010","Monomer","","","AEAMSQVTN",""
"6011","Monomer","","","AAAMSQVTN",""
"6012","Monomer","","","AEAASQVTN",""
"6013","Monomer","","","AEAMAQVTN",""
"6014","Monomer","","","AEAMSQVAN",""
"6015","Monomer","","","AEAMSQVT",""
"6016","Monomer","","","AEAMSQV",""
"6017","Monomer","","","AEAMSQ",""
"6018","Monomer","","","AEAM",""
"6019","Monomer","","","VTN",""
"6020","Monomer","","","VTNTATIM",""
"6021","Monomer","","","AEAMSQVTNTATIM",""
"6022","Monomer","","","AEAASQVTNTATIM",""
"6023","Monomer","","","AEASQVTNTATIM",""
"6024","Monomer","","","AEAMSQVANTATIM",""
"6026","Monomer","Vpr (49-63)","","TYGDTWAGVEAIIRI",""
"6027","Monomer","Vpr (33-47)","","HFPRIWLHSLGQHIY",""
"6028","Monomer","Vpr (53-67)","","TWAGVEAIIRILQQL",""
"6029","Monomer","Vpr (57-71)","","VEAIIRILQQLLFIH",""
"6030","Monomer","Vpr (61-75)","","IRILQQLLFIHFRIG",""
"6031","Monomer","Vpr (65-79)","","QQLLFIHFRIGCQHS",""
"6032","Monomer","Vpr (69-83)","","FIHFRIGCQHSRIGI",""
"6033","Monomer","","","KGEAMHGQVDCSPGIWQLDC",""
"6034","Monomer","","","ASCDKCQLKGEAMHG",""
"6035","Monomer","","","KCQLKGEAMHGQVDC",""
"6036","Monomer","","","KGEAMHGQVDCSPGI",""
"6037","Monomer","","","MHGQVDCSPGIWQLD",""
"6038","Monomer","","","VDCSPGIWQLDCTHL",""
"6039","Monomer","","","PGIWQLDCTHLEGKI",""
"6048","Monomer","HIV-1 integrase (82-89)","","GYIEAEVI","AMD"
"6049","Monomer","HIV-1 integrase (95-109)","","QETAYFLLKLAGRWP","AMD"
"6050","Monomer","HIV-1 integrase (123-133)","","STTVKAASWWA","AMD"
"6051","Monomer","HIV-1 integrase (171-187)","","HLKTAVQMAVFIHNFKR","AMD"
"6052","Monomer","HIV-1 integrase (196-210)","","AGERIVDIIATDIQ","AMD"
"6053","Monomer","HIV-1 integrase (95-107)","","QETAYFLLKLAGR","AMD"
"6054","Monomer","HIV-1 integrase (196-206)","","AGERIVDIIA","AMD"
"6055","Monomer","Aurein-1.2 [F13W]","","GLFDIIKKIAESW","AMD"
"6056","Monomer","Enfuvirtide, ENF, T-20, Fuzeon, DP-178","","YTSLIHSLIEESQNQQEKNEQELLELDKWASLWNWF",""
"6057","Monomer","Caerin-3.2 (1-13)[K7D,E8K,K9F,E12I,L13I]","","GLWEKIDKFASII","AMD"
"6058","Monomer","","","WQEWEQKITALLEQAQIQQEKNEYELQKLDKWASLWEWF",""
"6059","Monomer","Uperin-2.7 (1-13)[V10F,G11E,G12S,I13W]","","GIIDIAKKLFESW","AMD"
"6060","Monomer","","","MTWMEWDREINNYTSLIHSLIEESQNQQEKNEQELL",""
"6061","Monomer","","","MTWMEWDREINNYTSLIHSLIEESQNQQEKNEQELLEL",""
"6062","Monomer","","","TTWEEWDREINEYTSRIESLIRESQEQQEKNEQELREL",""
"6063","Monomer","Ponericin-W3 (1-13)[G4S,T5D,K8E,G10I,I11K,A13F]","","GIWSDLAEIIKKF","AMD"
"6064","Monomer","","","MTWMAWDRAIANYAALIHALIEAAQNQQEKNEAALLEL",""
"6065","Monomer","Ranatuerin-3 (1-13)[N7E,L9I,G10A,T12S,F13W]","","GFLDIIEKIAKSW","AMD"
"6066","Monomer","","","TTWEAWDRAIAEYAARIEALIRASQEQQEKNEAELREL",""
"6067","Monomer","","","TTWEAWDRAIAEYAARIEALIRAAQEQQEKNEAALREL",""
"6068","Monomer","Cecropin-1 (1-13)[G7E,K8S,K9I,E11D,R12A,V13F]","","GWLKKIESIIDAF","AMD"
"6069","Monomer","Maximin H5r3","","ILGPVLGLVSRTLRRVLGIL",""
"6070","Monomer","LL-37 (15-32)[E1G], GF-17","","GFKRIVQRIKDFLRNLV","AMD"
"6071","Monomer","","","GFNEIVQDIEDFLQNLV","AMD"
"6072","Monomer","Dermaseptin-S9r3","","GLRSRIWLWVLLMIWQESNRFKRM",""
"6073","Monomer","GLK-19","","GLKKLLGKLLKKLGKLLLK",""
"6074","Monomer","GLK-19r6","","GLRRLLGRLLRRLGRLLLR",""
"6096","Monomer","","","MTWEAWDRAIAEYAARIEALIRAAQEQQEKNEAALREL",""
"6097","Monomer","","","TTWEAWDRAIAEYAARIEALIRAAQEQQEKNEAILREL",""
"6098","Monomer","","","TTWEAWDRAIAEYAARIEALIRALQEQQEKNEAALREL",""
"6099","Monomer","","","TTWEAWDRAIAEYAARIEALIRAAQELQEKNEAALREL",""
"6100","Monomer","","","TTWEAWDRAIAEYAARIEALIRALQEQQEKNEAILREL",""
"6101","Monomer","","","TTWEAWDRAIAEYAARIEALIRAAQEQQEKLEAALREL",""
"6102","Monomer","","","TTWEAWDRAIAEYAARIEALIRAAQEQQEKLEAVLREL",""
"6103","Monomer","","","TTWEAWDRAIAEYAARIEALIRALQELQEKNEAALREL",""
"6105","Monomer","","","TTWEAWDRAIAEYAARIEALIRALQELQEKNEAILREL",""
"6106","Monomer","","","TTWEAWDRAIAEYAARIEALIRAAQELQEKLEAALRE",""
"6107","Monomer","","","TTWEAWDRAIAEYAARIEALIRALQELQEKLEAILREL",""
"6108","Monomer","LEDGF (361-370)","","WNSLKIDNLDV",""
"6109","Monomer","LEDGF (361-370)[N361A]","","WASLKIDNLDV",""
"6110","Monomer","LEDGF (361-370)[S362A]","","WNALKIDNLDV",""
"6112","Monomer","LEDGF (361-370)[L363A]","","WNSAKIDNLDV",""
"6116","Monomer","LEDGF (361-370)[K364A]","","WNSLAIDNLDV",""
"6117","Monomer","LEDGF (361-370)[I365A]","","WNSLKADNLDV",""
"6118","Monomer","LEDGF (361-370)[D366A]","","WNSLKIANLDV",""
"6119","Monomer","LEDGF (361-370)[N367A]","","WNSLKIDALDV",""
"6120","Monomer","LEDGF (361-370)[L368A]","","WNSLKIDNADV",""
"6121","Monomer","LEDGF (361-370)[D369A]","","WNSLKIDNLAV",""
"6123","Monomer","LEDGF (361-370)[V370A]","","WNSLKIDNLDA",""
"6124","Monomer","LEDGF (361-370)[D366A][D369A]","","WNSLKIANLAV",""
"6126","Monomer","LEDGF (365-369)","","WIDNLD",""
"6128","Monomer","HRP2 (483-493)","","WKFALKVDSPDV",""
"6150","Monomer","","ACT","LQQLLFIHFRIGRRRRRRRR","AMD"
"6151","Monomer","","ACT","EAIIRILQQLLFIHFRIGRRRRRRRR","AMD"
"6152","Monomer","","ACT","ILQQLLFIHFRIGRRRRRRRR","AMD"
"6153","Monomer","","ACT","RILQQLLFIHFRIGRRRRRRRR","AMD"
"6154","Monomer","","ACT","IRILQQLLFIHFRIGRRRRRRRR","AMD"
"6155","Monomer","","ACT","IIRILQQLLFIHFRIGRRRRRRRR","AMD"
"6156","Monomer","","ACT","AIIRILQQLLFIHFRIGRRRRRRRR","AMD"
"6163","Monomer","","ACT","EAIIRILQQLLFIEFRIKRRRRRRRR","AMD"
"6164","Monomer","","ACT","EEIIRKLQQLLFIHFRIGRRRRRRRR","AMD"
"6165","Monomer","","ACT","EAIIRILQELLFKHFRIGRRRRRRRR","AMD"
"6171","Monomer","","ACT","EAIERILKQLLFIHFRIGRRRRRRRR","AMD"
"6172","Monomer","","ACT","EAEIRIKQQLLFIHFRIGRRRRRRRR","AMD"
"6173","Monomer","","ACT","EAIIRILQQLEFIHKRIGRRRRRRRR","AMD"
"6174","Monomer","","ACT","EEIIRKLQQLLFIEFRIKRRRRRRRR","AMD"
"6175","Monomer","","ACT","AQQLLFIHFRIGRRRRRRRR","AMD"
"6176","Monomer","","ACT","LAQLLFIHFRIGRRRRRRRR","AMD"
"6177","Monomer","","ACT","LQALLFIHFRIGRRRRRRRR","AMD"
"6178","Monomer","","ACT","LQQALFIHFRIGRRRRRRRR","AMD"
"6179","Monomer","","ACT","LQQLAFIHFRIGRRRRRRRR","AMD"
"6180","Monomer","","ACT","LQQLLAIHFRIGRRRRRRRR","AMD"
"6181","Monomer","","ACT","LQQLLFAHFRIGRRRRRRRR","AMD"
"6182","Monomer","","ACT","LQQLLFIAFRIGRRRRRRRR","AMD"
"6183","Monomer","","ACT","LQQLLFIHARIGRRRRRRRR","AMD"
"6184","Monomer","","ACT","LQQLLFIHFAIGRRRRRRRR","AMD"
"6185","Monomer","","ACT","LQQLLFIHFRAGRRRRRRRR","AMD"
"6186","Monomer","","ACT","LQQLLFIHFRIARRRRRRRR","AMD"
"6210","Monomer","IN (10-19)","","EEHEKYHSNW",""
"6211","Monomer","IN (38-47)","","ASCDKCQLKG",""
"6212","Monomer","IN (51-67)","","HGQVDCSPGIWQLDCTH",""
"6213","Monomer","IN (77-83)","","VHVASGY",""
"6214","Monomer","IN (90-97)","","PAETGQET",""
"6215","Monomer","IN (97-108)","","TAYFLLKLAGRW",""
"6217","Monomer","IN (106-112)","","GRWPVKT",""
"6218","Monomer","IN (114-121)","","HTDNGSNF",""
"6219","Monomer","IN (129-139)","","ACWWAGIKQEF",""
"6220","Monomer","IN (139-148)","","FGIPYNPQSQ",""
"6221","Monomer","IN (152-161)","","ESMNKELKKI",""
"6222","Monomer","IN (165-175)","","VRDQAEHLKT",""
"6223","Monomer","IN (181-188)","","FIHNFKRK",""
"6224","Monomer","IN (193-202)","","GYSAGERIVD",""
"6225","Monomer","IN (235-244)","","WKGPAKLLWK",""
"6226","Monomer","IN (260-267)","","VPRRKAKI",""
"6230","Monomer","IN (97-108)[T1A]","","AAYFLLKLAGRW",""
"6231","Monomer","IN (97-108)[Y3A]","","TAAFLLKLAGRW",""
"6232","Monomer","IN (97-108)[F4A]","","TAYALLKLAGRW",""
"6233","Monomer","IN (97-108)[L5A]","","TAYFALKLAGRW",""
"6237","Monomer","IN (97-108)[L6A]","","TAYFLAKLAGRW",""
"6239","Monomer","IN (97-108)[K7A]","","TAYFLLALAGRW",""
"6241","Monomer","IN (97-108)[L8A]","","TAYFLLKAAGRW",""
"6244","Monomer","IN (97-108)[G10A]","","TAYFLLKLAARW",""
"6245","Monomer","IN (97-108)[R11A]","","TAYFLLKLAGAW",""
"6248","Monomer","IN (97-108)[W12A]","","TAYFLLKLAGRA",""
"6250","Monomer","IN (129-139)[C2A]","","AAWWAGIKQEF",""
"6252","Monomer","IN (129-139)[W3A]","","ACAWAGIKQEF",""
"6253","Monomer","IN (129-139)[W4A]","","ACWAAGIKQEF",""
"6254","Monomer","IN (129-139)[G6A]","","ACWWAAIKQEF",""
"6255","Monomer","IN (129-139)[I7A]","","ACWWAGAKQEF",""
"6256","Monomer","IN (129-139)[K8A]","","ACWWAGIAQEF",""
"6258","Monomer","IN (129-139)[Q9A]","","ACWWAGIKAEF",""
"6259","Monomer","IN (129-139)[E10A]","","ACWWAGIKQAF",""
"6260","Monomer","IN (129-139)[F11A]","","ACWWAGIKQEA",""
"6261","Monomer","IN (97-108)[Y2S]","","TASFLLKLAGRW",""
"6262","Monomer","IN (97-108)[K7I]","","TAYFLLILAGRW",""
"6263","Monomer","IN (97-108)[W12L]","","TAYFLLKLAGRL",""
"6264","Monomer","IN (129-139)[C2S]","","ASWWAGIKQEF",""
"6265","Monomer","IN (129-139)[W3G]","","ACGWAGIKQEF",""
"6266","Monomer","IN (129-139)[W4G]","","ACWGAGIKQEF",""
"6267","Monomer","IN (129-139)[K8R]","","ACWWAGIRQEF",""
"6268","Monomer","","","TAYFLL",""
"6269","Monomer","","","YFLLKL",""
"6271","Monomer","","","KLAGRW",""
"6272","Monomer","","","ACWWAG",""
"6274","Monomer","","","WAGIKQ",""
"6277","Monomer","","","IKQEF",""
"6289","Monomer","D IN (97-108)","","tayfllklaGrw",""
"6290","Monomer","Reverse IN (97-108)","","WRGALKLLFYAT",""
"6291","Monomer","Reverse D IN (97-108)","","wrGalkllfyat",""
"6292","Monomer","D IN (129-139)","","acwwaGikqef",""
"6294","Monomer","Reverse IN (129-139)","","FEQKIGAWWCA",""
"6295","Monomer","Reverse D IN (129-139)","","feqkiGawwca",""
"6298","Monomer","Vpr-1","","LQQLLF",""
"6300","Monomer","Vpr-1 R8","ACT","LQQLLFRRRRRRRR","AMD"
"6301","Monomer","Vpr-2 R8","ACT","IHFRIGRRRRRRRR","AMD"
"6313","Monomer","Cathelicidin-4 [R12P][R13P], Indolicidin [R12P][R13P]","","ILPWKWPWWPWPP","AMD"
"6314","Monomer","Cathelicidin-4 (2-13)[R12P][R13P], Indolicidin (2-13)[R12P][R13P]","","LPWKWPWWPWPP","AMD"
"6315","Monomer","Cathelicidin-4 (1-12)[R12P], Indolicidin (1-12)[R12P]","","ILPWKWPWWPWP","AMD"
"6316","Monomer","Cathelicidin-4 [K5G][R12P][R13P], Indolicidin [K5G][R12P][R13P]","","ILPWGWPWWPWPP","AMD"
"6317","Monomer","Cathelicidin-4 [K5G], Indolicidin [K5G]","","ILPWGWPWWPWRR","AMD"
"6318","Monomer","Cathelicidin-4 [P3A][P7A][P10A]R12P][R13P], Indolicidin [P3A][P7A][P10A]R12P][R13P]","","ILAWKWAWWAWPP","AMD"
"6319","Monomer","LEDGF/p75 (355-377)","","IHAEIKNSLKIDNLDVNRCIEAL",""
"6339","Monomer","","","KQLTEAVQKITTESIVIWGK",""
"6340","Monomer","","","ETWETWWTEYWQATWIPEWE",""
"6341","Monomer","","","LQDSGLEVNIVTDSQYALGI",""
"6344","Monomer","","","LLEYSI",""
"6346","Monomer","","","LLEYSL",""
"6347","Monomer","","","LLEYS",""
"6348","Monomer","","","LEYSI",""
"6350","Monomer","","","LLEY",""
"6351","Monomer","","","LEYS",""
"6352","Monomer","","","LLE",""
"6354","Monomer","","","LL",""
"6355","Monomer","","","LE",""
"6357","Monomer","","","WQCLTLTHRGFVLLTITVLR",""
"6371","Monomer","","","WQCLTLTHRG",""
"6373","Monomer","","","WFVLLTITVLR",""
"6374","Monomer","","","WQSLTLTHRG",""
"6386","Monomer","","ACT","LLQLTVWGIKQLQARIL","AMD"
"6387","Monomer","","ACT","IEAQQHLLQLTVWGIKQLQARIL","AMD"
"6388","Monomer","","ACT","SGIVQQQNNLLRAIEAQQHLLQLTVWGIKQLQARIL","AMD"
"6389","Monomer","","ACT","RMKQIEDKIEEIESKQKKIENEIARIKKLLQLTVWGIKQLQARIL","AMD"
"6390","Monomer","","ACT","RMKQIEDKIEEIESKQKKIENEIARIKKLIGERY","AMD"
"6392","Monomer","","ACT","RMKQIEDKIEEIESKPKKIENEIARIKKLLQLTVWGPKQLQARIL","AMD"
"6393","Monomer","","ACT","RMKQIEDKIEEIESKQKKIENEIARIKKLLQLTVWDIKQLQARIL","AMD"
"6394","Monomer","","ACT","RMKQIEDKIEEIESKQKKIENEIARIKKLIEAQQHLLQLTVWGIKQLQARIL","AMD"
"6396","Monomer","","ACT","RMKQIEDKIEEIESKQKKIENEIARIKKLISGIVQQQNNLLRAIEAQQHLLQLTVWGIKQLQARIL","AMD"
"6398","Monomer","","ACT","IKKEIEAIKKEQEAIKKKIEAIEKLLQLTVWGIKQLQARIL","AMD"
"6399","Monomer","","ACT","YGGIKKEIEAIKKEQEAIKKKIEAIEKEIEA","AMD"
"6401","Monomer","","ACT","IKKEIEAIKKEQEAIKKKIEAIEKEIEAQQHLLQLTVWGIKQLQARIL","AMD"
"6402","Monomer","","ACT","IKKEIEAIKKEQEAIKKKIEAIEKEISGIVQQQNNLLRAIEAQQHLLQLTVWGIKQLQARIL","AMD"
"6404","Monomer","","ACT","RMKQIEDKIEEIESKIKKIENEIARIKKLLQLTVWGIKQLQARIL","AMD"
"6405","Monomer","","ACT","KIEEIESKQKKIENEIARIKKLLQLTVWGIKQLQARIL","AMD"
"6407","Monomer","","ACT","KIEEIESKIKKIENEIARIKKLLQLTVWGIKQLQARIL","AMD"
"6408","Monomer","","ACT","KQKKIENEIARIKKLLQLTVWGIKQLQARIL","AMD"
"6409","Monomer","","ACT","KIKKIENEIARIKKLLQLTVWGIKQLQARIL","AMD"
"6424","Monomer","","","FVFLM",""
"6425","Monomer","","","PFVFLM",""
"6426","Monomer","","","KPFVFLM",""
"6427","Monomer","","","NKPFVFLM",""
"6429","Monomer","","","PFVYLI",""
"6431","Monomer","","","PFVFLE",""
"6432","Monomer","","","EFVFLM",""
"6433","Monomer","","","PEVFLM",""
"6434","Monomer","","","PFVFLR",""
"6442","Monomer","ACT- C34 -AMD","ACT","WMEWDREINNYTSLIHSLIEESQNQQEKNEQELL","AMD"
"6445","Monomer","","ACT","WXEWDRKIEEYTKKIKKLIEESQEQQEKNEKELK","AMD"
"6446","Monomer","","ACT","WMEWDRKIEEYTKKIKKLIEESQEQQEKNEKELK","AMD"
"6447","Monomer","","ACT","WXEWDRKIEEYTKKIEELIKKSQEQQEKNEKELK","AMD"
"6448","Monomer","","ACT","WMEWDRKIEEYTKKIEELIKKSQEQQEKNEKELK","AMD"
"6449","Monomer","","ACT","WEEWDKKIEEYTKKIEELIKKSEEQQKKNEEELKK","AMD"
"6456","Monomer","","","EEYTKKIEEYTKKIEEYTKKIEEYTKKIEEYTKKI",""
"6457","Monomer","","","WMEWDREIEEYTKKIEEYTKKIEEYTKKIEEYTKKI",""
"6458","Monomer","","","EEYTKKIEEYTKKIEEYTKKIEEYTKKIWASLWNWF",""
"6459","Monomer","","","WMEWDREIEEYTKKIEEYTKKIEEYTKKIWASLWNWF",""
"6461","Monomer","Human ApoE apolipoprotein derived peptide ApoEdpL-W","","WRKWRKRWWWRKWRKRWW",""
"6474","Monomer","SC22EK","","WEEWDKKIEEYTKKIEELIKKS",""
"6475","Monomer","C29","","WMEWDREINNYTSLIHSLIEESQNQQEKN",""
"6476","Monomer","SC29EK","","WEEWDKKIEEYTKKIEELIKKSEEQQKKN",""
"6477","Monomer","C34","","WMEWDREINNYTSLIHSLIEESQNQQEKNEQELL",""
"6478","Monomer","SC34EK","","WXEWDRKIEEYTKKIEELIKKSQEQQEKNEKELK",""
"6504","Monomer","C41","","EWDREINNYTSLIHSLIEESQNQQEKNEQELLELDKWASLW",""
"6506","Monomer","X- C41","","XEWDREINNYTSLIHSLIEESQNQQEKNEQELLELDKWASLW",""
"6507","Monomer","X- C41","","XEWDREINNYTSLIHSLIEESQNQQEKNEQELLELDKWASLW",""
"6508","Monomer","C41 [R4X]","","EWDXEINNYTSLIHSLIEESQNQQEKNEQELLELDKWASLW",""
"6509","Monomer","C41 [R4X]","","EWDXEINNYTSLIHSLIEESQNQQEKNEQELLELDKWASLW",""
"6510","Monomer","C41 [S11X]","","EWDREINNYTXLIHSLIEESQNQQEKNEQELLELDKWASLW",""
"6511","Monomer","C41 [S11X]","","EWDREINNYTXLIHSLIEESQNQQEKNEQELLELDKWASLW",""
"6512","Monomer","C41 [S15X]","","EWDREINNYTSLIHXLIEESQNQQEKNEQELLELDKWASLW",""
"6513","Monomer","C41 [S15X]","","EWDREINNYTSLIHXLIEESQNQQEKNEQELLELDKWASLW",""
"6514","Monomer","C41 [E18X]","","EWDREINNYTSLIHSLIXESQNQQEKNEQELLELDKWASLW",""
"6515","Monomer","C41 [E18X]","","EWDREINNYTSLIHSLIXESQNQQEKNEQELLELDKWASLW",""
"6516","Monomer","C41 [N22X]","","EWDREINNYTSLIHSLIEESQXQQEKNEQELLELDKWASLW",""
"6517","Monomer","C41 [N22X]","","EWDREINNYTSLIHSLIEESQXQQEKNEQELLELDKWASLW",""
"6518","Monomer","C41 [Q29X]","","EWDREINNYTSLIHSLIEESQNQQEKNEXELLELDKWASLW",""
"6519","Monomer","C41 [Q29X]","","EWDREINNYTSLIHSLIEESQNQQEKNEXELLELDKWASLW",""
"6520","Monomer","C41 -X","","EWDREINNYTSLIHSLIEESQNQQEKNEQELLELDKWASLWX",""
"6522","Monomer","C41 -X","","EWDREINNYTSLIHSLIEESQNQQEKNEQELLELDKWASLWX",""
"6523","Monomer","C41 [S20X]","","EWDREINNYTSLIHSLIEEXQNQQEKNEQELLELDKWASLW",""
"6524","Monomer","C41 [S20X]","","EWDREINNYTSLIHSLIEEXQNQQEKNEQELLELDKWASLW",""
"6534","Monomer","N27","","RQLLSGIVQQQNNLLRAIEAQQHLLQK",""
"6536","Monomer","ACT- N27","ACT","RQLLSGIVQQQNNLLRAIEAQQHLLQK",""
"6537","Monomer","C8- N27","C8","RQLLSGIVQQQNNLLRAIEAQQHLLQK",""
"6538","Monomer","C12- N27","C12","RQLLSGIVQQQNNLLRAIEAQQHLLQK",""
"6553","Monomer","C16- N27","C16","RQLLSGIVQQQNNLLRAIEAQQHLLQK",""
"6554","Monomer","N27 -C16 ","","RQLLSGIVQQQNNLLRAIEAQQHLLQK","C16"
"6555","Monomer","N25","","RQLLSGIVQQQNNLLRAIEAQQHLL",""
"6556","Monomer","C16- N25","C16","RQLLSGIVQQQNNLLRAIEAQQHLL",""
"6557","Monomer","N23","","RQLLSGIVQQQNNLLRAIEAQQH",""
"6558","Monomer","C16- N23 ","C16","RQLLSGIVQQQNNLLRAIEAQQH",""
"6559","Monomer","Envelope glycoprotein gp160 (555-576), N22","","SGIVQQQNNLLRAIEAQQHLLQ",""
"6560","Monomer","Envelope glycoprotein gp160 (555-576), C16- N22 ","C16","SGIVQQQNNLLRAIEAQQHLLQ",""
"6561","Monomer","","","RGGLSGIVQQQNNLLRAIEAQQHLLQ",""
"6562","Monomer","","C16","RGGLSGIVQQQNNLLRAIEAQQHLLQ",""
"6563","Monomer","","","HQTLSGIDQEQNNLTRLIEAQIHELQK",""
"6564","Monomer","","C16","HQTLSGIDQEQNNLTRLIEAQIHELQK",""
"6565","Monomer","","","RQLLSGIDQEQNNLTRLIEAQIHELQK",""
"6566","Monomer","","C16","RQLLSGIDQEQNNLTRLIEAQIHELQK",""
"6569","Monomer","N36","","SGIVQQQNNLLRAIEAQQHLLQLTVWGIKQLQARIL",""
"6570","Monomer","ACT- N36","ACT","SGIVQQQNNLLRAIEAQQHLLQLTVWGIKQLQARIL",""
"6571","Monomer","C8- N36","C8","SGIVQQQNNLLRAIEAQQHLLQLTVWGIKQLQARIL",""
"6572","Monomer","C12- N36","C12","SGIVQQQNNLLRAIEAQQHLLQLTVWGIKQLQARIL",""
"6573","Monomer","C16- N36","C16","SGIVQQQNNLLRAIEAQQHLLQLTVWGIKQLQARIL",""
"6574","Monomer","","","SGIDQEQNNLTRLIEAQIHELQLTQWKIKQLLARILK",""
"6575","Monomer","","C16","SGIDQEQNNLTRLIEAQIHELQLTQWKIKQLLARILK",""
"6576","Monomer","","","SGIVQQLNNQLRAEEANQHLEQLSVWGSKQNQARRLK",""
"6577","Monomer","","C16","SGIVQQLNNQLRAEEANQHLEQLSVWGSKQNQARRLK",""
"6581","Monomer","TAT(48-57)","","GRKKRRQRRR",""
"6583","Monomer","","","RRKKRRQRRR",""
"6584","Monomer","","","GRKKRRRRRR",""
"6585","Monomer","","","RRKKRRRRRR",""
"6586","Monomer","","","RRRRRRRRRR",""
"6599","Monomer","P11","","TGEKVWDRGNVTLLCDCP",""
"6600","Monomer","P19","","LPAFCQAIGWGDPITHWS",""
"6601","Monomer","P20","","FCQAIGWGDPITHWSHGQ",""
"6602","Monomer","P21","","AIGWGDPITHWSHGQNRW",""
"6603","Monomer","P23","","PITHWSHGQNRWPLSCPQ",""
"6604","Monomer","P25","","HGQNRWPLSCPQYVYGSV",""
"6605","Monomer","P45","","SDRDTVVELSEWGVPCAT",""
"6606","Monomer","P46","","DTVVELSEWGVPCATCIL",""
"6607","Monomer","P47","","VELSEWGVPCATCILDRR",""
"6608","Monomer","P59","","RFPFHRCGAGPKLTKDLE",""
"6610","Monomer","P97","","LVRRRSELMGRRNPVCPG",""
"6611","Monomer","P109","","LQEVDAGNFIPPPRWLLL",""
"6612","Monomer","P124","","WVNQLAVLGLPAVDAAVA",""
"6616","Monomer","Rev (34-50)","","TRQARRNRRRRWRERQR",""
"6617","Monomer","Rev (34-50) -A4C","","TRQARRNRRRRWRERQRAAAAC",""
"6618","Monomer","Rev (34-50) -A4C-RTD","","TRQARRNRRRRWRERQRAAAACYGRKKRRQRRR",""
"6619","Monomer","Rex (1-21)","","MPKTRRRPRRSQRKRPPTPWP",""
"6620","Monomer","Rex (1-21) -RTD","","MPKTRRRPRRSQRKRPPTPWPYGRKKRRQRRR",""
"6621","Monomer","RCG-P2G4","","RPRGRRGSRPSGAERRRRRAAAA",""
"6624","Monomer","RhoA 77-95","","TDVILMCFSIDSPDSLENI",""
"6625","Monomer","RhoA scrmbl","","DDMSVISELICTSPLDFIN",""
"6626","Monomer","Enfuvirtide [S138G], T-20 [S138G]","","YTSLIHSLIEEGQNQQEKNEQELLELDKWASLWNWF",""
"6627","Monomer","Enfuvirtide [S138A], T-20 [S138A]","","YTSLIHSLIEEAQNQQEKNEQELLELDKWASLWNWF",""
"6628","Monomer","Enfuvirtide [S138V], T-20 [S138V]","","YTSLIHSLIEEVQNQQEKNEQELLELDKWASLWNWF",""
"6629","Monomer","Enfuvirtide [S138L], T-20 [S138L]","","YTSLIHSLIEELQNQQEKNEQELLELDKWASLWNWF",""
"6630","Monomer","Enfuvirtide [S138I], T-20 [S138I]","","YTSLIHSLIEEIQNQQEKNEQELLELDKWASLWNWF",""
"6631","Monomer","Enfuvirtide [S138M], T-20 [S138M]","","YTSLIHSLIEEMQNQQEKNEQELLELDKWASLWNWF",""
"6632","Monomer","Enfuvirtide [S138P], T-20 [S138P]","","YTSLIHSLIEEPQNQQEKNEQELLELDKWASLWNWF",""
"6633","Monomer","Enfuvirtide [S138T], T-20 [S138T]","","YTSLIHSLIEETQNQQEKNEQELLELDKWASLWNWF",""
"6634","Monomer","Enfuvirtide [S138F], T-20 [S138F]","","YTSLIHSLIEEFQNQQEKNEQELLELDKWASLWNWF",""
"6635","Monomer","Enfuvirtide [S138Y], T-20 [S138Y]","","YTSLIHSLIEEYQNQQEKNEQELLELDKWASLWNWF",""
"6637","Monomer","Enfuvirtide [S138W], T-20 [S138W]","","YTSLIHSLIEEWQNQQEKNEQELLELDKWASLWNWF",""
"6638","Monomer","Enfuvirtide [S138N], T-20 [S138N]","","YTSLIHSLIEENQNQQEKNEQELLELDKWASLWNWF",""
"6639","Monomer","Enfuvirtide [S138Q], T-20 [S138Q]","","YTSLIHSLIEEQQNQQEKNEQELLELDKWASLWNWF",""
"6640","Monomer","Enfuvirtide [S138D], T-20 [S138D]","","YTSLIHSLIEEDQNQQEKNEQELLELDKWASLWNWF",""
"6641","Monomer","Enfuvirtide [S138E], T-20 [S138E]","","YTSLIHSLIEEEQNQQEKNEQELLELDKWASLWNWF",""
"6642","Monomer","Enfuvirtide [S138H], T-20 [S138H]","","YTSLIHSLIEEHQNQQEKNEQELLELDKWASLWNWF",""
"6643","Monomer","Enfuvirtide [S138R], T-20 [S138R]","","YTSLIHSLIEERQNQQEKNEQELLELDKWASLWNWF",""
"6647","Monomer","","","GCKKYRRFRWKFKGKFWFWG",""
"6648","Monomer","","","GKKYRRFRWKFKFGKWFWFG",""
"6656","Monomer","CCR5 ECL2 (168-191)","","RSQKEGLHYTCSSHFPYSQYQFWK",""
"6657","Monomer","CCR5 ECL2 (168-179)","","RSQKEGLHYTCS",""
"6659","Monomer","CCR5 ECL2 (178-191)","","CSSHFPYSQYQFWK",""
"6661","Monomer","CCR5 ECL2 (170-189)","","QKEGLHYTCSSHFPYSQYQF",""
"6662","Monomer","CCR5 ECL2 (172-187)","","EGLHYTCSSHFPYSQY",""
"6670","Monomer","12p1","","RINNIPWSEAMM",""
"6674","Monomer","","","HCKFWW",""
"6675","Monomer","","","HCKFWI",""
"6677","Monomer","","","HCKFWF",""
"6678","Monomer","","","HCKFAW",""
"6679","Monomer","","","HCKFWA",""
"6680","Monomer","","","HCKAWW",""
"6681","Monomer","","","ACKFWW",""
"6683","Monomer","","","HAKFWW",""
"6684","Monomer","","","HCAFWW",""
"6709","Monomer","P4-7","ACT","WDRGNVTLLCDCPNGPWVWV",""
"6711","Monomer","P5","ACT","NVTLLCDCPNGPWVWVPAFC",""
"6712","Monomer","P6-2","ACT","LCDCPNGPWVWVPAFCQAVG",""
"6717","Monomer","P4762","ACT","WDRGNVTLLCDCPNGPWVWVPAFCQAVG",""
"6718","Monomer","P28","ACT","TEVSEALGGAGLTGGFYEPL",""
"6720","Monomer","","ACT","WDRGNVTLLSDSPNGPWVWV",""
"6721","Monomer","","ACT","LSDSPNGPWVWVPAFSQAVG",""
"6722","Monomer","","ACT","LNWGTPDWDVRNCVGVLWCP",""
"6723","Monomer","","ACT","PLCVNCWPQVCGDFPWGAVA",""
"6724","Monomer","","","IYWNVSGW",""
"6735","Monomer","BMAP-18","","GRFKRFRKKFKKLFKKIS",""
"6785","Monomer","Neutrophil defensin 3, HNP-3","","DCYCRIPACIAGERRYGTCIYQGRLWAFCC",""
"6868","Monomer","KP","","AKVTMTCSAS",""
"7098","Monomer","RTD-2, Theta defensin 2 [L15I]","","GVCRCLCRRGVCRCICRR",""
"7292","Monomer","","","RRWYRWWR",""
"7293","Monomer","","","RRWYRWWRRRWYRWWR",""
"7294","Monomer","","","RWWRWWR",""
"7295","Monomer","","","RWWRWWRRWWRWWR",""
"7299","Monomer","","","YRWWRWARRW",""
"7300","Monomer","","","YRWWRWARRWYRWWRWARRW",""
"7304","Monomer","MU103","","RRRRRRRWWWRRRRRRRR",""
"7305","Monomer","MU104","","RRRRRRRRRRRRRRRWWW",""
"7748","Monomer","","","HRILMRIRQMMT",""
"7749","Monomer","","","ARILMRIRQMMT",""
"7750","Monomer","","","HRALMRIRQMMT",""
"7751","Monomer","","","HRIAMRIRQMMT",""
"7752","Monomer","","","HRILARIRQMMT",""
"7753","Monomer","","","HRILMRARQMMT",""
"7754","Monomer","","","HRILMRIAQMMT",""
"7755","Monomer","","","HRILMRIRAMMT",""
"7756","Monomer","","","HRILMRIRQAMT",""
"7757","Monomer","","","HRILMRIRQMAT",""
"7758","Monomer","","","HRILMRIRQMMA",""
"7759","Monomer","","","LMRIRQMMT",""
"7760","Monomer","","","HRILMRIR",""
"7761","Monomer","","","LMRIR",""
"7763","Monomer","","","hrilmrirqmmt",""
"8072","Monomer","Secreted protein C10orf99","","KRRPAKAWSGRRTRLCCHRVPSPNSTNLKGHHVRLCKPCKLEPEPRLWVVPGALPQV",""
"8197","Monomer","Dermal antimicrobial peptide Hs-1","","FLPLILPSIVTALSSFLKQG",""
"8795","Monomer","Pa-MAP, Antifreeze peptide analogue","","HTASDAAAAAALTAANAAAAAAASMA",""
"9012","Monomer","Pa-MAP2, Antifreeze peptide analogue 2","","LKAAAAAAKLAAKAAKAALKAAAAAAKL",""
"10085","Monomer","Dermaseptin-S1 (1-29)","","ALWKTMLKKLGTMALHAGKAALGAAADTI","AMD"
"10087","Monomer","Dermaseptin-S1 (1-29)[K4T,T12K]","","ALWTTMLKKLGKMALHAGKAALGAAADTI","AMD"
"10088","Monomer","Dermaseptin-S1 (1-19)","","ALWKTMLKKLGTMALHAGK","AMD"
"10089","Monomer","Dermaseptin-S1 (1-15)[W31NAL]","","ALXKTMLKKLGTMAL","AMD"
"10090","Monomer","Dermaseptin-S1 (1-15)[W3H]","","ALHKTMLKKLGTMAL","AMD"
"10091","Monomer","K-Dermaseptin-S1 (1-15)[W31NAL]","","KALXKTMLKKLGTMAL","AMD"
"10092","Monomer","Dermaseptin-S1 (1-14)","","ALWKTMLKKLGTMA","AMD"
"10093","Monomer","Dermaseptin-S1 (1-13)","","ALWKTMLKKLGTM","AMD"
"10094","Monomer","Dermaseptin-S1 (1-12)","","ALWKTMLKKLGT","AMD"
"10589","Monomer","Modified Clavanin A","","FLPIIVFQFLGKIIHHVGNFVHGFSHVF","AMD"
"11045","Monomer","Cytotoxin 1 (5-25)[P4W,A6L,C10I,G13I,C17F,M20I], Naja Cardiotoxin Peptide NCP-3","","KLIWILSKTIPAIKNLFYKI",""
"11385","Monomer","Cyclic Protegrin 1, Cyclic PG-1","","RGGRLCYCRRRFCVCVGR",""
"11386","Monomer","Cyclic Protegrin 1 [R4C,G17C], Cyclic PG-1 [R4C,G17C]","","RGGCLCYCRRRFCVCVCR",""
"12129","Monomer","Alloferon-1","","HGVSGHGQHGVHG",""
"12130","Monomer","Alloferon-2","","GVSGHGQHGVHG",""
"12132","Monomer","Alloferon-1 [H1K]","","KGVSGHGQHGVHG",""
"12133","Monomer","Alloferon-1 [H1R]","","RGVSGHGQHGVHG",""
"12134","Monomer","Alloferon-1 [H1A]","","AGVSGHGQHGVHG",""
"12163","Monomer","Cycloviolacin O13","","GIPCGESCVWIPCISAAIGCSCKSKVCYRN",""
"12164","Monomer","Cycloviolacin O14","","GSIPACGESCFKGKCYTPGCSCSKYPLCAKN",""
"12167","Monomer","Cycloviolacin O24","","GLPTCGETCFGGTCNTPGCTCDPWPVCTHN",""
"12168","Monomer","Cycloviolacin Y4","","GVPCGESCVFIPCITGVIGCSCSSNVCYLN",""
"12169","Monomer","Cycloviolacin Y5","","GIPCAESCVWIPCTVTALVGCSCSDKVCYN",""
"12187","Monomer","Cycloviolacin Y1","","GGTIFDCGETCFLGTCYTPGCSCGNYGFCYGTN",""
"12196","Monomer","Cycloviolin A","","GVIPCGESCVFIPCISAAIGCSCKNKVCYRN",""
"12197","Monomer","Cycloviolin B","","GTACGESCYVLPCFTVGCTCTSSQCFKN",""
"12198","Monomer","Cycloviolin C","","GIPCGESCVFIPCLTTVAGCSCKNKVCYRN",""
"12199","Monomer","Cycloviolin D","","GFPCGESCVFIPCISAAIGCSCKNKVCYRN",""
"12409","Monomer","Smp76","","GWINEKKMQQKIDEKIGKNIIGGMAKAVIHKMAKNEFQCVANVDTLGNCKKHCAKTTGEKGYCHGTKCKCGIELSY",""
"12573","Monomer","Antimicrobial peptide 1, AamAP1[P7R; H8K]","","FLFSLIRKAIGGLISAFK",""
"12753","Monomer","DENV Envelope glycoprotein (25-41)","","LEHGSCVTTMAKDKPTL",""
"12754","Monomer","DENV Envelope glycoprotein (98-109)","","DRGWGNGCGLFG",""
"12755","Monomer","DENV Envelope glycoprotein (340 – 354)","","GQGKAHNGRLITANP",""
"13173","Monomer","Human Defensin-5 (1-9)","","ATCYCRTGR",""
"13174","Monomer","Human Defensin-5 (1-13)","","ATCYCRTGRCATR",""
"13330","Monomer","D2A21","","FAKKFAKKFKKFAKKFAKFAFAF",""
"13331","Monomer","D4E1","","FKLRAKIKVRLRAKIKL",""
"13332","Monomer","DC1","","FAVAVKAVAVKAVAVKAVKKAVKKVKKAVKKAVKKKK",""
"13333","Monomer","D1D6","","FLAAARIAKRVAKKARKLAKRAARKRK",""
"13334","Monomer","D4C3","","FRFKIKFRLKFRFKARFKFRAKFRA",""
"13335","Monomer","D5C1","","KRKRAVKRVGRRLKKLARKIARLGVAKLAGLRAVKLF",""
"13336","Monomer","D5F","","FAVGLRAIKRALKKLRRGVRKVAKDL",""
"13337","Monomer","D2B15",""," GAKKGAKKGKKGAKKGAKGAGAKGAGAFKKKK",""
"13338","Monomer","D2A3","","KKKKFVKKVAKKVKKVAKKVAKVAVAV",""
"13339","Monomer","D1A22","","FLFAFRIFKRVFKKFRKLFKRAF",""
"13340","Monomer","D5C",""," KRKRAVKRVGRRLKKKLARKIARLGVAF",""
"13341","Monomer","D3A15","","KRKRFAKKFLRFLRKVIRFLKRFIRRF",""
"13342","Monomer","D1D2","","FAIAIKAIKKAIKKIKKAIKKAI",""
"13344","Monomer","D4B","","FKVKAKVKAKVKAKVKAKKKK",""
"13345","Monomer","D5D","","AVKRVGRRLKKLARKIARLGVAF",""
"13709","Monomer","Human Defensin-5, HD5 [T7R]","","ATCYCRRGRCATRESLSGVCEISGRLYRLCCR",""
"13710","Monomer","Human Defensin-5, HD5 [E21R]","","ATCYCRTGRCATRESLSGVCRISGRLYRLCCR",""
"13711","Monomer","Human Defensin-5, HD5 [S23R]","","ATCYCRTGRCATRESLSGVCEIRGRLYRLCCR",""
"15106","Monomer","Asperterrestide A","","XXIA",""
"15152","Monomer","EK1","","SLDQINVTFLDLEYEMKKLEEAIKKLEESYIDLKEL",""
"15153","Monomer","EK1P","","SLDQINVTFLDLEYEMKKLEEAIKKLEESYIDLKEL","PEG4-C16"
"15154","Monomer","EK1C","","SLDQINVTFLDLEYEMKKLEEAIKKLEESYIDLKEL","PEG4-Chol"
"15155","Monomer","EK1C1","","SLDQINVTFLDLEYEMKKLEEAIKKLEESYIDLKEL","Chol"
"15156","Monomer","EK1C2","","SLDQINVTFLDLEYEMKKLEEAIKKLEESYIDLKELGSG","Chol"
"15157","Monomer","EK1C3","","SLDQINVTFLDLEYEMKKLEEAIKKLEESYIDLKELGSG","PEG4-Chol"
"15158","Monomer","EK1C4","","SLDQINVTFLDLEYEMKKLEEAIKKLEESYIDLKELGSGSG","PEG4-Chol"
"15159","Monomer","EK1C5","","SLDQINVTFLDLEYEMKKLEEAIKKLEESYIDLKELGSGSG","PEG8-Chol"
"15160","Monomer","EK1C6","","SLDQINVTFLDLEYEMKKLEEAIKKLEESYIDLKELGSGSG","PEG12-Chol"
"15161","Monomer","EK1C7","","SLDQINVTFLDLEYEMKKLEEAIKKLEESYIDLKELGSGSG","PEG24-Chol"
"15162","Monomer","EK1-scrambled","","LKVLLYEEFKLLESLIMEILEYQKDSDIKENAEDTK",""
"15163","Monomer","SARS-CoV-HR1P","","ANQFNKAISQIQESLTTTSTALGKLQDVVNQNAQALNTLVKQ",""
"15164","Monomer","SARS-CoV-HR2P","","DISGINASVVNIQKEIDRLNEVAKNLNESLIDLQEL",""
"15165","Monomer","229E-HCoV-HR1P","","AASFNKAMTNIVDAFTGVNDAITQTSQALQTVATALNKIQDVVNQQGNSLNHLTSQ",""
"15166","Monomer","229E-HCoV-HR2P","","VVEQYNQTILNLTSEISTLENKSAELNYTVQKLQTLIDNINSTLVDLKWL",""
"15167","Monomer","MERS-CoV-HR1P","","ANKFNQALGAMQTGFTTTNEAFRKVQDAVNNNAQALSKLASE",""
"15168","Monomer","MERS-CoV-HR2P","","SLTQINTTLLDLTYEMLSLQQVVKALNESYIDLKEL",""
"15169","Monomer","HCoV-NL63-HR1P","","AASFNKAINNIVASFSSVNDAITQTAEAIHTVTIALNKIQDVVNQQGSALNHLTSQ",""
"15170","Monomer","HCoV-NL63-HR2P","","DLTPFNLTYLNLSSELKQLEAKTASLFQTTVELQGLIDQINSTYVDLKLL",""
"15171","Monomer","HCoV-OC43-HR1P","","ANAFNNALDAIQEGFDATNSALVKIQAVVNADAEALNNLLQQ",""
"15172","Monomer","HCoV-OC43-HR2P","","SLDYINVTFLDLQDEMNRLQEAIKVLNQSYINLKDI",""
"15173","Monomer","EK0-1, HCoV-OC43-HR2P [N17K,R18K,Q20E,V25K,N27E]","","SLDYINVTFLDLQDEMKKLEEAIKKLEQSYINLKDI",""
"15174","Monomer","EK0-2, HCoV-OC43-HR2P [Q13E,N17K,R18K,Q20E,V25K,N27,Q28E,D35E]","","SLDYINVTFLDLEDEMKKLEEAIKKLEESYINLKEI",""
"15175","Monomer","EK0-3, HCoV-OC43-HR2P [Y4Q,Q13E,D14Y,N17K,R18K,Q20E,V25K,N27,Q28E,N32D,D35E]","","SLDQINVTFLDLEYEMKKLEEAIKKLEESYIDLKEI",""
"15179","Monomer","Mucroporin (7-17)","","SLIGGLVSAFK","AMD"
"15180","Monomer","Mucroporin (13-17)","","VSAFK","AMD"
"15181","Monomer","HKU4-HR2P1 (1247-1282)","","GPNFAEISKINTTLLDLSDEMAMLQEVVKQLNDSYI",""
"15182","Monomer","HKU4-HR2P2 (1252-1287)","","EISKINTTLLDLSDEMAMLQEVVKQLNDSYIDLKEL",""
"15183","Monomer","HKU4-HR2P3 (1261-1296)","","LDLSDEMAMLQEVVKQLNDSYIDLKELGNYTYYNKW",""
"15184","Monomer","","ACT","AEEASKKAEEASKKAEEASKKAEEASKKAEEASKKXK","C16-NH"
"15185","Monomer","","ACT","VEEVSKKVEEVSKKVEEVSKKVEEVSKKVEEVSKKXK","C16-NH"
"15186","Monomer","","ACT","FEEFSKKFEEFSKKFEEFSKKFEEFSKKFEEFSKKXK","C16-NH"
"15187","Monomer","","ACT","YEEYSKKYEEYSKKYEEYSKKYEEYSKKYEEYSKKXK","C16-NH"
"15188","Monomer","","ACT","LEELSKKLEELSKKLEELSKKLEELSKKLEELSKKXK","C16-NH"
"15189","Monomer","","ACT","IEEISKKIEEISKKIEEISKKIEEISKKIEEISKKXK","C16-NH"
"15190","Monomer","","ACT","IEEIYKKIEEIYKKIEEIYKKIEEIYKKIEEIYKKXK","C16-NH"
"15191","Monomer","","ACT","IEEIWKKIEEIWKKIEEIWKKIEEIWKKIEEIWKKXK","C16-NH"
"15192","Monomer","","ACT","IEEIHKKIEEIHKKIEEIHKKIEEIHKKIEEIHKKXK","C16-NH"
"15193","Monomer","","ACT","IEEIQKKIEEIQKKIEEIQKKIEEIQKKIEEIQKKXK","C16-NH"
"15194","Monomer","","ACT","IEEIKKKIEEIKKKIEEIKKKIEEIKKKIEEIKKKXK","C16-NH"
"15195","Monomer","","ACT","IEEIEKKIEEIEKKIEEIEKKIEEIEKKIEEIEKKXK","C16-NH"
"15196","Monomer","HR2PM2, HR2P [T1263E;L1267K;S1268K;Q1270,1271E;A1275K;N77E]","","SLTQINTTLLDLEYEMKKLEEVVKKLEESYIDLKEL",""
"15197","Monomer","","ACT","IEEIQKKIEEIQKKIEEIQKKIEEIQKKIEEIQKKXX","AMD"
"15198","Monomer","SARS-CoV CP1, SARS-CoV (1153-1189)","","GINASVVNIQKEIDRLNEVAKNLNESLIDLQELGKYE",""
"15199","Monomer","SARS-CoV (770-788)[Y771W]","","MWKTPTLKYFGGFNFSQIL",""
"15200","Monomer","SARS-CoV (864-886)","","ATAGWTFGAGAALQIPFAMQMAY",""
"15201","Monomer","SARS-CoV (1028–1049)[Y1049W]","","GYHLMSFPQAAPHGVVFLHVTW",""
"15202","Monomer","SARS-CoV (1075–1093)","","GVFVFNGTSWFITQRNFFS",""
"15203","Monomer","SARS-CoV (1169–1199)","","NEVAKNLNESLIDLQELGKYEQYIKWPWYVW",""
"15204","Monomer","AAC-SARS-CoV (1170–1194)","","AACEVAKNLNESLIDLQELGKYEQYIKW",""
"15205","Monomer","MHV (1096–1117)[Y1117W]","","GNHILSLVQNAPYGLYFIHFSW",""
"15206","Monomer","MHV (1144–1162)","","GYFVQDDGEWKFTGSSYYY",""
"15207","Monomer","SARS-CoV (1153–1182)","","GINASVVNIQKEIDRLNEVAKNLNESLIDL",""
"15208","Monomer","SARS-CoV (1153–1175)","","GINASVVNIQKEIDRLNEVAKNL",""
"15209","Monomer","SARS-CoV (902-947)","","QKQIANQFNKAISQIQESLTTTSTALGKLQDVVNQNAQALNTLVKQ",""
"15210","Monomer","SARS-CoV (902-947)[K2N,I4S,N9Q,A11E,Q16N,S18V,S23N,A25S,V32D,A37N,A39S,V44Q,Q46E]","","QNQSANQFQKEISQINEVLTTTNTSLGKLQDDVNQNNQSLNTLQKE",""
"15212","Monomer","","","KKKKYRNIRRPG",""
"15213","Monomer","MERS-S (1252-1286)","","LTQINTTLLDLTYEMLSLQQVVKALNESYIDLKEL",""
"15214","Monomer","MERS-CoV-HR2P [T1263E,L1267R]","","SLTQINTTLLDLEYEMRSLQQVVKALNESYIDLKEL",""
"15215","Monomer","Beta-defensin 4, MBD-4","","IINNPITCMTNGAICWGPCPTAFRQIGNCGHFKVRCCKIR",""
"15216","Monomer","MBD-4 (11-40), P9","","NGAICWGPCPTAFRQIGNCGHFKVRCCKIR",""
"15217","Monomer","MERS-S (1260-1280)","ACT","LDLTYEMLSLQQVVKALNESY","AMD"
"15218","Monomer","MERS-S (1260-1280) [L1,Y5Ala-4-pen]","ACT","XDLTXEMLSLQQVVKALNESY","AMD"
"15219","Monomer","MERS-S (1260-1280) [D2,E6Ala-4-pen]","ACT","LXLTYXMLSLQQVVKALNESY","AMD"
"15220","Monomer","MERS-S (1260-1280) [T4,L8Ala-4-pen]","ACT","LDLXYEMXSLQQVVKALNESY","AMD"
"15221","Monomer","MERS-S (1260-1280) [Y5,S9Ala-4-pen]","ACT","LDLTXEMLXLQQVVKALNESY","AMD"
"15222","Monomer","MERS-S (1260-1280) [L8,Q12Ala-4-pen]","ACT","LDLTYEMXSLQXVVKALNESY","AMD"
"15223","Monomer","MERS-S (1260-1280) [S9,V13Ala-4-pen]","ACT","LDLTYEMLXLQQXVKALNESY","AMD"
"15224","Monomer","MERS-S (1260-1280) [Q11,K15Ala-4-pen]","ACT","LDLTYEMLSLXQVVXALNESY","AMD"
"15225","Monomer","MERS-S (1260-1280) [Q12,A16Ala-4-pen]","ACT","LDLTYEMLSLQXVVKXLNESY","AMD"
"15226","Monomer","MERS-S (1260-1280) [K15,E19Ala-4-pen]","ACT","LDLTYEMLSLQQVVXALNXSY","AMD"
"15227","Monomer","MERS-S (1260-1280) [A16,S20Ala-4-pen]","ACT","LDLTYEMLSLQQVVKXLNEXY","AMD"
"15228","Monomer","MERS-S (1260-1280) [D2,E6Ala-4-pen]","ACT","LXLTYXMLSLQQVVKALNESY","AMD"
"15229","Monomer","MERS-S (1260-1280) [Y5,S9Ala-4-pen]","ACT","LDLTXEMLXLQQVVKALNESY","AMD"
"15230","Monomer","MERS-S (1260-1280) [L8,Q12Ala-4-pen]","ACT","LDLTYEMXSLQXVVKALNESY","AMD"
"15231","Monomer","MERS-S (1260-1280) [Q12,A16Ala-4-pen]","ACT","LDLTYEMLSLQXVVKXLNESY","AMD"
"15232","Monomer","MERS-S (1260-1280) [K15,E19Ala-4-pen]","ACT","LDLTYEMLSLQQVVXALNXSY","AMD"
"15233","Monomer","MERS-S (1260-1280) [A16,S20Ala-4-pen]","ACT","LDLTYEMLSLQQVVKXLNEXY","AMD"
"15234","Monomer","MERS-S (1260-1280) [Q12,A16Ala-4-pen]","ACT","LDLTYEMLSLQXVVKXLNESY","AMD"
"15235","Monomer","MERS-S (1260-1280) [M7Nle; Q12,A16Ala-4-pen]","ACT","LDLTYEXLSLQXVVKXLNESY","AMD"
"15236","Monomer","MERS-S (1260-1280) [Q12,A16Ala-4-pen; Y21F]","ACT","LDLTYEMLSLQXVVKXLNESF","AMD"
"15237","Monomer","MERS-S (1260-1280) [M7Nle; Q12,A16Ala-4-pen; Y21F]","ACT","LDLTYEXLSLQXVVKXLNESF","AMD"
"15238","Monomer","HR2PM2, HR2P [T1263E;L1267K;S1268K;Q1270,1271E;A1275K;N1277E]","ACT","SLTQINTTLLDLEYEMKKLEEVVKKLEESYIDLKEL","AMD"
"15239","Monomer","K-HCV (1677-1691)-K","","KGSVVIVGRIILSGRK",""
"15240","Monomer","RG-HCV (1677-1691)-K","ACT","RGGSVVIVGRIILSGRK",""
"15241","Monomer","","","AKDLEVVCSTYVLVEA",""
"15242","Monomer","","","ADLEVVAATYVDVA",""
"15243","Monomer","","","ADLEVVAATHVLVA",""
"15244","Monomer","","","AKDLEVVTSTYVLVEA",""
"15245","Monomer","","","KKKKVAAATYVLV",""
"15246","Monomer","","","DDSVVSAAMSYSYA",""
"15247","Monomer","","","KKKKVTAATYVLV",""
"15248","Monomer","","","ADLEVVAATFVLVA",""
"15249","Monomer","","","ADLEVVAATYVLVA",""
"15250","Monomer","","","KKKKVVKATYVLV",""
"15251","Monomer","","","AECVVSCSMSYTKA",""
"15252","Monomer","","","KKKKVVLPFLFFF",""
"15253","Monomer","","","KKKKFVAATYVLV",""
"15254","Monomer","","","ADLEVVAATYVLDD",""
"15255","Monomer","","","KKKKVVLATYVLV",""
"15256","Monomer","","","KKKKLLAAFLFFF",""
"15257","Monomer","","","KKKKLVLPFLFVF",""
"15258","Monomer","PEDV-S HR2P, PCov-S HR2P","","PLDVFNATYLKLTGEIADLEQRSESLRNTTEELQSLIYNINNTLVDLEWLNRVET",""
"15259","Monomer","PEDV-S HR2L, PCov-S HR2L","","FNATYLKLTGEIADLEQRSESLRNTTEELQSLIYNINNTLVDLEWLNRVE",""
"15260","Monomer","PEDV-S HR2M, PCov-S HR2M","","FNATYLKLTGEIADLEQRSESLRNTTEELQSLIYNINNTLVDL",""
"15261","Monomer","PEDV-S HR2, PCov-S HR2","","LKLTGEIADLEQRSESLRNTTEELQSLIYNINNTLVDLEWL",""
"15262","Monomer","SARS-CoV-S (1151-1185), SR9","","ISGINASVVNIQKEIDRLNEVAKNLNESLIDLQEL",""
"15263","Monomer","SR9EK13","","ISGINASVVNIQEEIKKLNEEAKKLNESLIDLQEL",""
"15264","Monomer","SR9EK1","","IEEINKKVEEIQKKIEELNKKAEELNKKLEELQKK",""
"15265","Monomer","Surfactin-like peptide SLP1","C16","EVlADlV","AMD"
"15266","Monomer","Surfactin-like peptide SLP2","C16","EVlDlV",""
"15267","Monomer","Surfactin-like peptide SLP3","C16","EVlDl","AMD"
"15268","Monomer","Surfactin-like peptide SLP4","C16","EVll","AMD"
"15269","Monomer","Surfactin-like peptide SLP5","C16","EVlDl",""
"15270","Monomer","Surfactin-like peptide SLP6","C16","KVlKl","AMD"
"15271","Monomer","Surfactin-like peptide SLP7","C16","EVLDL","AMD"
"15272","Monomer","Surfactin-like peptide SLP8","C16","EVllD","AMD"
"15273","Monomer","Surfactin-like peptide SLP9","C16","EDVll","AMD"
"15274","Monomer","Surfactin-like peptide SLP10","C7H15-BIP-A","EVlDl","AMD"
"15275","Monomer","Surfactin","C16","DLELVll",""
"15276","Monomer","Caerin 1.1 [E23A,H24A]","","GLLSVLGSVAKHVLPHVVPVIAAAL","AMD"
"15277","Monomer","Caerin 1.1 [E23K,H24L,L25H]","","GLLSVLGSVAKHVLPHVVPVIAKLH","AMD"
"15278","Monomer","Caerin 1.1 [S4K;H12,16,24K]","","GLLKVLGSVAKKVLPKVVPVIAEKL","AMD"
"15279","Monomer","Caerin 1.9 [V13L]","","GLFGVLGSIAKHLLPHVVPVIAEKL","AMD"
"15280","Monomer","SARS-CoV-S (215-232), peptide 9626","","TLKPIFKLPLGINITNFR",""
"15281","Monomer","SARS-Cov-S (899-958)","","HHHHHHYENQKQIANQFNKAISQIQESLTTTSTALGKLQDVVNQNAQALNTLVKQLSSNFGAISSV",""
"15282","Monomer","SARS-Cov-S (899-926)","","YENQKQIANQFNKAISQIQESLTTTSTA",""
"15283","Monomer","SARS-Cov-S (916-950)","","IQESLTTTSTALGKLQDVVNQNAQALNTLVKQLSS",""
"15284","Monomer","SARS-Cov-S (1145-1192)","","DVDLGDISGINASVVNIQKEIDRLNEVAKNLNESLIDLQELGKYEQYI",""
"15285","Monomer","SARS-CoV-S (220-239)","","FKLPLGINITNFRAILTAFS",""
"15286","Monomer","SARS-CoV-S (259-278)","","PTTFMLKYDENGTITDAVDC",""
"15287","Monomer","SARS-CoV-S (259-278)","","VLYNSTFFSTFKCYGVSATK",""
"15288","Monomer","SARS-CoV-S (470-489)[T487S]","","PALNCYWPLNDYGFYTTTGI",""
"15289","Monomer","SARS-CoV-S (553-572)","","RDVSDFTDSVRDPKTSEILD",""
"15290","Monomer","SARS-CoV-S (598-617)","","YQDVNCTDVSTAIHADQLTP",""
"15291","Monomer","SARS-CoV-S (690-709)","","SNNTIAIPTNFSISITTEVM",""
"15292","Monomer","SARS-CoV-S (737-756)","","QYGSFCTQLNRALSGIAAEQ",""
"15293","Monomer","SARS-CoV-S (890-909)","","GIGVTQNVLYENQKQIANQF",""
"15294","Monomer","SARS-CoV-S (1161-1180)","","IQKEIDRLNEVAKNLNESLI",""
"15305","Monomer","SARS-CoV-S (889–926)","","NGIGVTQNVLYENQKQIANQFNKAISQIQESLTTTSTA",""
"15306","Monomer","SARS-CoV-S (1161–1187)","","IQKEIDRLNEVAKNLNESLIDLQELGK",""
"15307","Monomer","SARS-CoV (1126-1189)[F5P]","","ELDSPKEELDKYFKNHTSPDVDLGDISGINASVVNIQKEIDRLNEVAKNLNESLIDLQELGKYE",""
"15308","Monomer","SARS-CoV (1130-1189)[F1P]","","PKEELDKYFKNHTSPDVDLGDISGINASVVNIQKEIDRLNEVAKNLNESLIDLQELGKYE",""
"15309","Monomer","SARS-CoV-S (1134-1189)","","LDKYFKNHTSPDVDLGDISGINASVVNIQKEIDRLNEVAKNLNESLIDLQELGKYE",""
"15310","Monomer","SARS-CoV-S (1150-1189)","","DISGINASVVNIQKEIDRLNEVAKNLNESLIDLQELGKYE",""
"15311","Monomer","SARS-CoV-S (1134-1193)","","ELDSFKEELDKYFKNHTSPDVDLGDISGINASVVNIQKEIDRLNEVAKNLNESLIDLQELGKYEQYIK",""
"15312","Monomer","SARS-CoV-S (1134-1185)","","ELDSFKEELDKYFKNHTSPDVDLGDISGINASVVNIQKEIDRLNEVAKNLNESLIDLQEL",""
"15313","Monomer","MHV-S (1216-1254)","","DLSLDFEKLNVTLLDLTYEMNRIQDAIKKLNESYINLKE",""
"15314","Monomer","SARS-CoV-S (935-980)","","NQNAQALNTLVKQLSSNFGAISSVLNDILSRLDKVEAEVQIDRLIT",""
"15315","Monomer","ACE2 (4-13)","","EEQAKTFLDK",""
"15316","Monomer","ACE2 (12-20)","","DKFNHEAED",""
"15317","Monomer","ACE2 (15-23)","","NHEAEDLFY",""
"15318","Monomer","ACE2 (4-26)","","EEQAKTFLDKFNHEAEDLFYQSS",""
"15319","Monomer","ACE2 (4-39)","","EEQAKTFLDKFNHEAEDLFYQSSLASWNYNTNITEE",""
"15320","Monomer","ACE2 (4-26)-G-ACE2 (333-339)","","EEQAKTFLDKFNHEAEDLFYQSSGLGKGDFR",""
"15321","Monomer","NS5A-derived peptide D-C5A","","swlrdiwdwicevlsdfk",""
"15322","Monomer","HCV (1975-1990)","","SWLRDIWDWICEVLSD",""
"15323","Monomer","HCV (1975-1988)","","SWLRDIWDWICEVL",""
"15324","Monomer","HCV (1975-1987)","","SWLRDIWDWICEV",""
"15325","Monomer","HCV (1977-1992)","","LRDIWDWICEVLSDFK ",""
"15326","Monomer","HCV (1973-1992)","","SGSWLRDIWDWICEVLSDFK",""
"15327","Monomer","HCV (1974-1992)","","GSWLRDIWDWICEVLSDFK",""
"15328","Monomer","HCV (1975-1993)","","SWLRDIWDWICEVLSDFKT",""
"15329","Monomer","HCV (1975-1994)","","SWLRDIWDWICEVLSDFKTW",""
"15330","Monomer","HCV (1975-1994)[L3R,R4L,D5I,I6D]","","SWRLIDWDWICEVLSDFK",""
"15331","Monomer","HCV (1975-1994)[L3R,R4L,V13S,L14V,S15L]","","SWRLDIWDWICESVLDFK",""
"15332","Monomer","BVDV (2697-2717)","","VLDLIYSLHKQINRGLKKIVL",""
"15333","Monomer","Retro-HCV (1975-1992)","","KFDSLVECIWDWIDRLWS",""
"15334","Monomer","D-Retro-HCV (1975-1992)","","kfdslveciwdwidrlws",""
"15335","Monomer","HCV (1975-1992) scrambled","","KWLCRIWSWISDVLDDFE",""
"15336","Monomer","HCV (1975-1992) scrambled","","SIWRDWVDLICEFLSDWK",""
"15337","Monomer","HCV (1975-1992)[I6D,E12T,S15T]","","SWLRDVWDWICTVLTDFK",""
"15338","Monomer","HCV (1975-1992)[I6,10V;E12T;V13I;S15T]","","SWLRDVWDWVCTILTDFK",""
"15339","Monomer","HCV (1975-1992)[S1D,D5I,I10V,E12S,L14V]","","DWLRIIWDWVCSVVSDFK",""
"15340","Monomer","HCV (1975-1992)[R4W;D5E;I6,10V;C11L,E12H]","","SWLWEVWDWVLHVLSDFK",""
"15341","Monomer","HCV (1975-1992)[S1T,D5A,I10V,E12T,V13A,S15T]","","TWLRAIWDWVCTALTDFK",""
"15342","Monomer","HCV (1975-1992)[I6,10V;E12T]","","SWLRDVWDWVCTVLSDFK",""
"15343","Monomer","HCV (1975-1992)[C11S]","","SWLRDIWDWISEVLSDFK",""
"15344","Monomer","HCV (1975-1992)[C11R]","","SWLRDIWDWIREVLSDFK",""
"15345","Monomer","HCV (1975-1992)[C11E]","","SWLRDIWDWIEEVLSDFK",""
"15346","Monomer","HCV (1975-1992)[R4D,K18E]","","SWLDDIWDWICEVLSDFE",""
"15347","Monomer","HCV (1975-1992)[E12K]","","SWLRDIWDWICKVLSDFK",""
"15348","Monomer","HCV (1975-1992)[R4D;D5,8,16R;E12K;K18E]","","SWLDRIWRWICKVLSRFE",""
"15349","Monomer","HCV (1975-1992)[D8,16R;E12K]","","SWLRDIWRWICKVLSRFK",""
"15350","Monomer","HCV (1975-1992)[D5,8,16R;E12K]","","SWLRRIWRWICKVLSRFK",""
"15351","Monomer","SARS-S (892-931)","","GVTQNVLYENQKQIANQFNKAISQIQESLTTTSTALGKLQ",""
"15352","Monomer","SARS-S (920-953)","","LTTTSTALGKLQDVVNQNAQALNTLVKQLSSNFG",""
"15353","Monomer","SARS-S (946-981)","","KQLSSNFGAISSVLNDILSRLDKVEAEVQIDRLITG",""
"15354","Monomer","SARS-S (981-1014)","","GRLQSLQTYVTQQLIRAAEIRASANLAATKMSEC",""
"15355","Monomer","SARS-S (1163-1199)","","KEIDRLNEVAKNLNESLIDLQELGKYEQYIKWPWYVW",""
"15356","Monomer","MERS-CoV-HR2P-Chol","","SLTQINTTLLDLTYEMLSLQQVVKALNESYIDLKEL","Chol"
"15357","Monomer","MERS-CoV-HR2P-C16","","SLTQINTTLLDLTYEMLSLQQVVKALNESYIDLKEL","C16"
"15358","Monomer","HCV gp (711-725)","","SFAIKWEYVLLLFLL",""
"15359","Monomer","HCV gp (712-725)","","FAIKWEYVLLLFLL",""
"15360","Monomer","HCV gp (713-725)","","AIKWEYVLLLFLL",""
"15361","Monomer","D-HCV gp (713-725)","","aikweyvlllfll",""
"15362","Monomer","Retro-HCV gp (713-725)","","LLFLLLVYEWKIA",""
"15363","Monomer","D-Retro-HCV gp (713-725)","","llflllvyewkia",""
"15364","Monomer","HCV gp (714-725)","","IKWEYVLLLFLL",""
"15365","Monomer","HCV gp (715-725)","","KWEYVLLLFLL",""
"15366","Monomer","HCV gp (716-725)","","WEYVLLLFLL",""
"15367","Monomer","HCV gp (710-724)","","VSFAIKWEYVLLLFL",""
"15368","Monomer","HCV gp (710-723)","","VSFAIKWEYVLLLF",""
"15369","Monomer","HCV gp (710-722)","","VSFAIKWEYVLLL",""
"15370","Monomer","HCV gp (710-721)","","VSFAIKWEYVLL",""
"15371","Monomer","HCV gp (710-720)","","VSFAIKWEYVL",""
"15372","Monomer","HCV gp (713-724) scrambled","","LKLFEVYLILWLA",""
"15373","Monomer","HCV gp (710-725)","","VSFAIKWEYVLLLFLL",""
"15375","Monomer","WQ","","WEEWDKKIEEYTKKIEELIKKSQNQQ",""
"15376","Monomer","MT-WQ","","MTWEEWDKKIEEYTKKIEELIKKSQNQQ",""
"15377","Monomer","WQ-SM","","WEEWDKKIEEYTKKIEELIKKSQNQQSM",""
"15378","Monomer","WQ-SW","","WEEWDKKIEEYTKKIEELIKKSQNQQSW",""
"15379","Monomer","WQ-SY","","WEEWDKKIEEYTKKIEELIKKSQNQQSY",""
"15380","Monomer","WQ-SDLD","","WEEWDKKIEEYTKKIEELIKKSQNQQSDLD",""
"15381","Monomer","WQ-LDL","","WEEWDKKIEEYTKKIEELIKKSQNQQLDL",""
"15382","Monomer","WQ-IDI","","WEEWDKKIEEYTKKIEELIKKSQNQQIDI",""
"15383","Monomer","WQ-LDI","","WEEWDKKIEEYTKKIEELIKKSQNQQLDI",""
"15384","Monomer","WQ-IDL","","WEEWDKKIEEYTKKIEELIKKSQNQQIDL",""
"15385","Monomer","MT-WQ-IDL","","MTWEEWDKKIEEYTKKIEELIKKSQNQQIDL",""
"15386","Monomer","MT-WQ-IDL-scrambled","","EEQKTQLKNKIEIDWTKMELEQDWSKIYKEI",""
"15387","Monomer","MERS-S (1257-1286)","","TTLLDLTYEMLSLQQVVKALNESYIDLKEL",""
"15388","Monomer","MERS-S (1254-1286) [Q1E, I2A]","","EANTTLLDLTYEMLSLQQVVKALNESYIDLKEL",""
"15389","Monomer","apoE (131-162)+(244+272), hEP","","EELRVRLASHLRKLRKRLLRDADDLQKRLAVYEEQAQQIRLQAEAFQARLKSWFEPLVEDM",""
"15390","Monomer","C-apoE (131-162), hEP-2","","CEELRVRLASHLRKLRKRLLRDADDLQKRLAVY",""
"15391","Monomer","apoE (131-162), hEP-2/delC","","EELRVRLASHLRKLRKRLLRDADDLQKRLAVY",""
"15392","Monomer","C-MapoE (123-154), mhEP","","CEEIRARLSTHLRKMRKRLMRDADDLQKRLAVY",""
"15393","Monomer","C-apoE (244–272), hEP-3","","CEEQAQQIRLQAEAFQARLKSWFEPLVEDM",""
"15394","Monomer","C-apoE (135–155), hEP-4","","CVRLASHLRKLRKRLLRDADDL",""
"15395","Monomer","C-apoE (250–269), hEP-5","","CIRLQAEAFQARLKSWFEPLV",""
"15396","Monomer","apoE (135–155) + (250–269), hEP-6","","VRLASHLRKLRKRLLRDADDLIRLQAEAFQARLKSWFEPLV",""
"15397","Monomer","apoE (133–162), hEP-7","","LRVRLASHLRKLRKRLLRDADDLQKRLAVY",""
"15398","Monomer","apoE (131–155), hEP-8","","EELRVRLASHLRKLRKRLLRDADDL",""
"15399","Monomer","apoE (135–162), hEP-9","","VRLASHLRKLRKRLLRDADDLQKRLAVY",""
"15400","Monomer","C-apoE (135–162), hEP-10","","CVRLASHLRKLRKRLLRDADDLQKRLAVY",""
"15401","Monomer","C-apoE (133–155), hEP-11","","CLRVRLASHLRKLRKRLLRDADDL",""
"15402","Monomer","C-apoE (141–150)-C, hEP-12","","CLRKLRKRLLRC",""
"15403","Monomer","CP5-46-A-4D5E - Penetratin","","GELDELVYLLDGPGYDPIHSRQIKIWFQNRRMKWKK",""
"15404","Monomer","Penetratin - CP5-46-A-4D5E","","RQIKIWFQNRRMKWKKGELDELVYLLDGPGYDPIHS",""
"15405","Monomer","WNV-GP1 (2998-3015)","","AKGSRAIWFMWLGARFLE",""
"15406","Monomer","DENV-1 gp (2949-2966)","","KREKKLGEFGKAKGSRAI",""
"15407","Monomer","YFV gp (3328-3345)","","WVLNNPHMKDKTTVKEWR",""
"15408","Monomer","HPgV gp (1948-1965), GBV-A gp (1948-1965)","","LLDWCVRLGRYLLRRLKT",""
"15409","Monomer","GBV-B gp (1872-1889)","","IWQYVCNFFVICFNVLKA",""
"15410","Monomer","GBV-C gp (1872-1889)","","LWEWIMRQVRMVMSRLRA",""
"15411","Monomer","BVDV gp (2697-2714)","","VLDLIYSLHKQINRGLKK",""
"15412","Monomer","CSFV gp (2688-2675)","","ILELLYKFRDNIKSSVRE",""
"15413","Monomer","GBV-A1","","LLDCWVRLGRYLLRRLKT",""
"15414","Monomer","GBV-A2","","LLDCWVRLGRYLLRRLKTPFTRL",""
"15415","Monomer","GBV-A3","","LLDCWVRLGRYLLRRLKTPFT",""
"15416","Monomer","GBV-A4","","LLDCWVRLGRYLLRRLKTP",""
"15417","Monomer","GBV-A5","","LLDCWVRLGRYLLRRLK",""
"15418","Monomer","GBV-A6","","LDCWVRLGRYLLRRLKTPFTRL",""
"15419","Monomer","GBV-A7","","CWVRLGRYLLRRLKTPFTRL",""
"15420","Monomer","GBV-A8","","LDCWVRLGRYLLRRLKTP",""
"15421","Monomer","GBV-A9","","DCWVRLGRYLLRRLKTPF",""
"15422","Monomer","GBV-A10","","CWVRLGRYLLRRLKTPFT",""
"15423","Monomer","GBV-A11","","WVRLGRYLLRRLKTPFTR",""
"15424","Monomer","GBV-A12","","VRLGRYLLRRLKTPFTRL",""
"15425","Monomer","T21N17","ACT","RIQQIEQKIHHIEQRIQQIEQLLQLTVWGIKQLQARIL",""
"15426","Monomer","T21N23","ACT","RIQQIEQKIHHIEQRIQQIEQRAIEAQQHLLQLTVWGIKQLQARIL",""
"15427","Monomer","T21N36","ACT","RIQQIEQKIHHIEQRIQQIEQRISGIVQQQNNLLRAIEAQQHLLQLTVWGIKQLQARIL",""
"15434","Monomer","GBV-A10 [L9K]","","CWVRLGRYKLRRLKTPFT",""
"15435","Monomer","GBV-A10 [L9S]","","CWVRLGRYSLRRLKTPFT",""
"15436","Monomer","GBV-A10 [L9A]","","CWVRLGRYALRRLKTPFT",""
"15437","Monomer","GBV-A10 [L9V]","","CWVRLGRYVLRRLKTPFT",""
"15438","Monomer","GBV-A10 [G6A]","","CWVRLARYLLRRLKTPFT",""
"15439","Monomer","GBV-A10 [G6V]","","CWVRLVRYLLRRLKTPFT",""
"15440","Monomer","GBV-A10 [G6L]","","CWVRLLRYLLRRLKTPFT",""
"15441","Monomer","GBV-A10 [G6L,P16L]","","CWVRLLRYLLRRLKTLFT",""
"15442","Monomer","GBV-A10 [P16L]","","CWVRLGRYLLRRLKTLFT",""
"15443","Monomer","GBV-A10 [L9I]","","CWVRLGRYILRRLKTPFT",""
"15444","Monomer","GBV-A10 [L9I,L13I]","","CWVRLGRYILRRIKTPFT",""
"15445","Monomer","GBV-A10 [L5,9,13I]","","CWVRIGRYILRRIKTPFT",""
"15446","Monomer","GBV-A10 [C1K,Y8K,T15K,T18K]","","KWVRLGRKLLRRLKKPFK",""
"15447","Monomer","GBV-A10 [Y8K]","","CWVRLGRKLLRRLKTPFT",""
"15448","Monomer","GBV-A10 [C1E,Y8E,T15E,T18E]","","EWVRLGRELLRRLKEPFE",""
"15449","Monomer","GBV-A10 [Y8E]","","CWVRLGRELLRRLKTPFT",""
"15450","Monomer","HCV gp (548–562), E2-42","","QGSWFGCTWMNSTGF",""
"15451","Monomer","HCV gp (552–566), E2-43","","FGCTWMNSTGFTKTC",""
"15452","Monomer","HCV gp (692–706), E2-78","","GLLHLHQNIVDVQYM",""
"15453","Monomer","HCV gp (696–710), E2-79","","LHQNIVDVQYMYGLS",""
"15454","Monomer","CP24","","MTWEEWDKKIEEYTKKIEELIKKS",""
"15455","Monomer","CP24-IBP","","MTWEEWDKKIEEYTKKIEELIKKSDCAWHLGELVWCT",""
"15456","Monomer","IBP-CP24","","DCAWHLGELVWCTMTWEEWDKKIEEYTKKIEELIKKS",""
"15457","Monomer","IBP","","DCAWHLGELVWCT",""
"15458","Monomer","FCoV Sgp (1338-1359)","","FNATYLNLTGEIDDLEFRSEKL",""
"15459","Monomer","FCoV Sgp (1338-1366)","","FNATYLNLTGEIDDLEFRSEKLHNTTVEL",""
"15460","Monomer","FCoV Sgp (1338-1373)","","FNATYLNLTGEIDDLEFRSEKLHNTTVELAILIDNI",""
"15461","Monomer","FCoV Sgp (1338-1380)","","FNATYLNLTGEIDDLEFRSEKLHNTTVELAILIDNINNTLVNL",""
"15462","Monomer","FCoV Sgp (1338-1387)","","FNATYLNLTGEIDDLEFRSEKLHNTTVELAILIDNINNTLVNLEWLNRIE",""
"15463","Monomer","SC34EK","ACT","WEEWDKKIEEYTKKIEELIKKSEEQQKKNEKELK","AMD"
"15464","Monomer","SC33EK","ACT","WEEWDKKIEEYTKKIEELIKKSEEQQKKNEKEL","AMD"
"15465","Monomer","SC32EK","ACT","WEEWDKKIEEYTKKIEELIKKSEEQQKKNEKE","AMD"
"15466","Monomer","SC31EK","ACT","WEEWDKKIEEYTKKIEELIKKSEEQQKKNEK","AMD"
"15467","Monomer","SC30EK","ACT","WEEWDKKIEEYTKKIEELIKKSEEQQKKNE","AMD"
"15468","Monomer","SC29EK","ACT","WEEWDKKIEEYTKKIEELIKKSEEQQKKN","AMD"
"15469","Monomer","SC28EK","ACT","WEEWDKKIEEYTKKIEELIKKSEEQQKK","AMD"
"15470","Monomer","SC27EK","ACT","WEEWDKKIEEYTKKIEELIKKSEEQQK","AMD"
"15471","Monomer","SC26EK","ACT","WEEWDKKIEEYTKKIEELIKKSEEQQ","AMD"
"15472","Monomer","SC25EK","ACT","WEEWDKKIEEYTKKIEELIKKSEEQ","AMD"
"15473","Monomer","SC24EK","ACT","WEEWDKKIEEYTKKIEELIKKSEE","AMD"
"15474","Monomer","SC23EK","ACT","WEEWDKKIEEYTKKIEELIKKSE","AMD"
"15475","Monomer","SC22EK","ACT","WEEWDKKIEEYTKKIEELIKKS","AMD"
"15476","Monomer","SC21EK","ACT","WEEWDKKIEEYTKKIEELIKK","AMD"
"15477","Monomer","SC20EK","ACT","WEEWDKKIEEYTKKIEELIK","AMD"
"15478","Monomer","SC19EK","ACT","WEEWDKKIEEYTKKIEELI","AMD"
"15479","Monomer","SC18EK","ACT","WEEWDKKIEEYTKKIEEL","AMD"
"15480","Monomer","MTSC34EK","ACT","MTWEEWDKKIEEYTKKIEELIKKSEEQQKKNEKELK","AMD"
"15481","Monomer","MTSC33EK","ACT","MTWEEWDKKIEEYTKKIEELIKKSEEQQKKNEKEL","AMD"
"15482","Monomer","MTSC32EK","ACT","MTWEEWDKKIEEYTKKIEELIKKSEEQQKKNEKE","AMD"
"15483","Monomer","MTSC31EK","ACT","MTWEEWDKKIEEYTKKIEELIKKSEEQQKKNEK","AMD"
"15484","Monomer","MTSC30EK","ACT","MTWEEWDKKIEEYTKKIEELIKKSEEQQKKNE","AMD"
"15485","Monomer","MTSC29EK","ACT","MTWEEWDKKIEEYTKKIEELIKKSEEQQKKN","AMD"
"15486","Monomer","MTSC28EK","ACT","MTWEEWDKKIEEYTKKIEELIKKSEEQQKK","AMD"
"15487","Monomer","MTSC27EK","ACT","MTWEEWDKKIEEYTKKIEELIKKSEEQQK","AMD"
"15488","Monomer","MTSC26EK","ACT","MTWEEWDKKIEEYTKKIEELIKKSEEQQ","AMD"
"15489","Monomer","MTSC25EK","ACT","MTWEEWDKKIEEYTKKIEELIKKSEEQ","AMD"
"15490","Monomer","MTSC24EK","ACT","MTWEEWDKKIEEYTKKIEELIKKSEE","AMD"
"15491","Monomer","MTSC23EK","ACT","MTWEEWDKKIEEYTKKIEELIKKSE","AMD"
"15492","Monomer","MTSC22EK","ACT","MTWEEWDKKIEEYTKKIEELIKKS","AMD"
"15493","Monomer","MTSC21EK","ACT","MTWEEWDKKIEEYTKKIEELIKK","AMD"
"15494","Monomer","MTSC20EK","ACT","MTWEEWDKKIEEYTKKIEELIK","AMD"
"15495","Monomer","MTSC19EK","ACT","MTWEEWDKKIEEYTKKIEELI","AMD"
"15496","Monomer","MTSC18EK","ACT","MTWEEWDKKIEEYTKKIEEL","AMD"
"15497","Monomer","WQ-IDL","ACT","WEEWDKKIEEYTKKIEELIKKSQNQQIDL","AMD"
"15498","Monomer","MT-WQ-IDL","ACT","MTWEEWDKKIEEYTKKIEELIKKSQNQQIDL","AMD"
"15499","Monomer","WQ-ENK","ACT","WEEWDKKIEEYTKKIEELIKKSQNQQEKN","AMD"
"15500","Monomer","MT-WQ-ENK","ACT","MTWEEWDKKIEEYTKKIEELIKKSQNQQEKN","AMD"
"15501","Monomer","Urumin","","IPLRGAFINGRWDSQCHRFSNGAIACA",""
"15502","Monomer","","","EF",""
"15503","Monomer","DET2","","PWLKPGDLDL",""
"15504","Monomer","DET4","","AGVKDGKLDF",""
"15505","Monomer","DN57wt,","","AWLVHTQWFLDLPLPWLPGADTQGSNWI",""
"15506","Monomer","DN57opt","","RWMVWRHWFHRLRLPYNPGKNKQNQQWP",""
"15507","Monomer","DN80wt","","MVDRGWGNHAGLFGKGSIV",""
"15508","Monomer","DN81wt","","AWLVHRQWFLDLPLPWLPG",""
"15509","Monomer","DN81opt","","RQMRAWGQDYQHGGMGYSC",""
"15510","Monomer","1OAN1","","FWFTLIKTQAKQPARYRRFC",""
"15511","Monomer","DENV-2 gp (412-444), DN59","","MAILGDTAWDFGSLGGVFTSIGKALHQVFGAIY",""
"15512","Monomer","DENV-2 gp (376-388)","","MVDRGWGNGCGLF",""
"15513","Monomer","DENV-2 gp (613-627)","","CKIPFEIMDLEKRHV",""
"15514","Monomer","DENV-2 gp (662-674)","","VEPGQLKLNWFKK",""
"15516","Monomer","DENV-2 gp (700-708)","","WDFGSLGGV",""
"15517","Monomer","L12P","","LCLRNWDQGHRP",""
"15518","Monomer","KP [A1K], K10S","","KKVTMTCSAS",""
"15520","Monomer","Complement C3c (1321-1337), S17K","","SEETKENEGFTVTAEGK",""
"15521","Monomer","Human albumin (597-609), K13L","","KKLVAASQAALGL",""
"15522","Monomer","Fibrinogen alpha chain (21-35), D15R","","DSGEGDFLAEGGGVR",""
"15523","Monomer","Complement C4 (1353-1369), G17K","","GLEEELQFSLGSKINVK",""
"15524","Monomer","JEV Ep (401–428)","","STLGKAFSTTLKGAQRLAALGDTAWDFG",""
"15525","Monomer","JEV Ep (428–452)","","SIGGVFNSIGRAVHQVFGGAFRTL",""
"15526","Monomer","JEV Ep (418–452)","","AALGDTAWDFGSIGGVFNSIGRAVHQVFGGAFRTL",""
"15527","Monomer","JEV Ep (424–452)","","AWDFGSIGGVFNSIGRAVHQVFGGAFRTL",""
"15528","Monomer","JEV Ep (424–445)","","AWDFGSIGGVFNSIGRAVHQVF",""
"15529","Monomer","ZIKV Ep (424-452)","","AWDFGSVGGVFNSLGKGIHQIFGAAFKSL",""
"15530","Monomer","Alloferon (3-13)","","VSGHGQHGVHG",""
"15531","Monomer","Alloferon (4-13)","","SGHGQHGVHG",""
"15532","Monomer","Alloferon (5-13)","","GHGQHGVHG",""
"15533","Monomer","Alloferon (6-13)","","HGQHGVHG",""
"15534","Monomer","Alloferon (7-13)","","GQHGVHG",""
"15535","Monomer","Alloferon (8-13)","","QHGVHG",""
"15536","Monomer","Alloferon (9-13)","","HGVHG",""
"15537","Monomer","Alloferon (10-13)","","GVHG",""
"15538","Monomer","Alloferon (1-11)","","HGVSGHGQHGV",""
"15539","Monomer","Alloferon (1-10)","","HGVSGHGQHG",""
"15540","Monomer","Alloferon (1-8)","","HGVSGHGQ",""
"15541","Monomer","Alloferon (1-7)","","HGVSGHG",""
"15542","Monomer","Alloferon [H1F]","","FGVSGHGQHGVHG",""
"15543","Monomer","T20 [H6R; S7E; L8,26I; I9L; E10V; Q13,21R; N14I; L24R; E25D]","ACT","YTSLIREILVESRIQQEKNERELRDIDKWASLWNWF","AMD"
"15544","Monomer","T20 [L8I; Q13,15R; E22A]","ACT","YTSLIHSIIEESRNRQEKNEQALLELDKWASLWNWF","AMD"
"15545","Monomer","T20 [I5L, H6R, L8I; S12G; Q13R; E22A]","ACT","YTSLLRSIIEEGRNQQEKNEQALLELDKWASLWNWF","AMD"
"15546","Monomer","T20 [H6R, L8I, Q13R, E22K, L26V]","ACT","YTSLIRSIIEESRNQQEKNEQKLLEVDKWASLWNWF","AMD"
"15547","Monomer","T20 [I5L, H6R, Q13R, Q15L, E22A, L26V]","ACT","YTSLLRSLIEESRNLQEKNEQALLEVDKWASLWNWF","AMD"
"15548","Monomer","Alloferon [H1Y]","","YGVSGHGQHGVHG",""
"15549","Monomer","T20 [I5L, H6W, L8I, S12G, Q13R, Q15L, E22K]","ACT","YTSLLWSIIEEGRNLQEKNEQKLLELDKWASLWNWF","AMD"
"15550","Monomer","T20 [H6W; S7K; L8,24V; I9L; E10N; E11D; S12A; Q13R; N14E; K18N; E20Q; Q21E; L26I]","ACT","YTSLIWKVLNDAREQQENNQETLVEIDKWASLWNWF","AMD"
"15551","Monomer","T20 [H6R; S7E; L8,26I; I9M; E10N; E11K; Q13W; N14G; E17R; K18R; Q21G; E22T; L24A]","ACT","YTSLIREIMNKSWGQQRRNEGTLAEIDKWASLWNWF","AMD"
"15552","Monomer","T20 [H6R; S7E; E10,22S; E11,25N; S12A; Q13R; N14T; E17T; K18D; Q21E; L24R; L26V]","ACT","YTSLIRELISNARTQQTDNEESLRNVDKWASLWNWF","AMD"
"15553","Monomer","T20 [H6W; L8I; E10I; E11,25D; S12G; Q13R; N14E; E17R; K18D; Q21G; E22V; L24A]","ACT","YTSLIWSIIIDGREQQRDNEGVLADLDKWASLWNWF","AMD"
"15554","Monomer","Alloferon [H1W]","","WGVSGHGQHGVHG",""
"15555","Monomer","Alloferon [H1Phe-Gly]","","XGVSGHGQHGVHG",""
"15556","Monomer","Alloferon [H14-Cl-PHE]","","XGVSGHGQHGVHG",""
"15557","Monomer","Alloferon [H1PHE(4-OMe)]","","XGVSGHGQHGVHG",""
"15558","Monomer","Eval418","","LWGEIWNTVKGLI","AMD"
"15559","Monomer","Eval418-FH2","","LWGHIWNFVHGLI","AMD"
"15560","Monomer","Eval418-FH3","","LWHHIWNFVHGLI","AMD"
"15561","Monomer","Eval418-FH4","","LWHHIWNTVHHLI","AMD"
"15562","Monomer","Eval418-FH5","","LWHHIWHTVHHLI","AMD"
"15563","Monomer","Defensin BmKDfsin4","","GFGCPFNQGQCHKHCQSIRRRGGYCDGFLKTRCVCYR",""
"15564","Monomer","","Chol","KKWK",""
"15565","Monomer","","Chol","XXWX",""
"15566","Monomer","","Chol","kkWk",""
"15567","Monomer","","Chol","kkwk",""
"15568","Monomer","","C12","KKWK",""
"15569","Monomer","","C12","NKKN",""
"15594","Monomer","Dermaseptin S4 (6-28)","","LLKKVLKAAAKAALNAVLVGANA",""
"15595","Monomer","Pa-MAP 1.6, Antifreeze peptide analogue","","KTAATLADTLADTAATLAKAAAA ",""
"15596","Monomer","Pa-MAP 1.7, Antifreeze peptide analogue","","LKAALTAAKTALTAALTALKAALTAAKT",""
"15597","Monomer","Pa-MAP 1.8, Antifreeze peptide analogue","","LAAALTAKATALTAKLTALAAALTAKAT",""
"15598","Monomer","Pa-MAP3, Antifreeze peptide analogue","","LAAKLTKAAKLTAALTKLAAALTAAAT",""
"15599","Monomer","HNP-4 (1-11)","","VCSCRLVFCRR",""
"15600","Monomer","D-HNP-4 (1-11)","ACT","vcscrlvfcrr","AMD"
"15601","Monomer","D-HD5 (1-9)","ACT","atcycrtGr","AMD"
"15603","Monomer","","","EMTWEEWEKKIEEYTKKIEEILKKSQNQQIDL",""
"15604","Monomer","","","EMTWEEWEKKIEEYIKKIEEILKKSQNQQIDL",""
"15605","Monomer","","","EMTWEEWEKKIEEYIKKIEEILKKSQNQQIDLGSGX","C16"
"15610","Monomer","LP-40","ACT","YTSLIHSLIEESQNQQEKNEQELLELDX","AMD"
"15611","Monomer","LP-50","ACT","YTSLIEELIKKSEEQQKKNEEELKKLEX","AMD"
"15612","Monomer","LP-51","ACT","LEANIEELLKKAEEQQKKNEEELKKLEX","AMD"
"15613","Monomer","LP-52","ACT","WEQKIEELLKKAEEQQKKNEEELKKLEX","AMD"
"15614","Monomer","LP-80","ACT","WEQKIEELLKKAEEQQKKNEEELKKLEX","AMD"
"15615","Monomer","LP-83","ACT","WEQKIEELLKKAEEQQKKNEEELKKLEKC","Chol-NH"
"15616","Monomer","LP-86","ACT","LEANIEELLKKAEEQQKKNEEELKKLEKC","Chol-NH"
"15617","Monomer","LP-93","ACT","WEQKIEELLKKAEEQQKKNEEELKK","Chol-NH"
"15618","Monomer","LP-94","ACT","IEELLKKAEEQQKKNEEELKKLEK","Chol-NH"
"15619","Monomer","LP-95","ACT","IEELLKKAEEQQKKNEEELKK","Chol-NH"
"15620","Monomer","C34-Chol","ACT","WMEWDREINNYTSLIHSLIEESQNQQEKNEQELLGSGC","Chol-NH"
"15636","Monomer","","","HVTTTFAPPPPR",""
"15637","Monomer","","","SVVPSKATWGFA",""
"15638","Monomer","","","FKPSSPPSITLW",""
"15639","Monomer","SARS-CoV Sgp (220-239)[N227K,S239L]","","FKLPLGIKITNFRAILTAFL",""
"15640","Monomer","SARS-CoV Sgp (259–278([T261K]","","PTKFMLKYDENGTITDAVDC",""
"15641","Monomer","SARS-CoV Sgp (354–373)[F360S]","","VLYNSTSFSTFKCYGVSATK",""
"15642","Monomer","SARS-CoV Sgp (470–489)[N479K]","","PALNCYWPLKDYGFYTTSGI",""
"15643","Monomer","SARS-CoV Sgp (553–572)[F558I]","","RDVSDITDSVRDPKTSEILD",""
"15644","Monomer","SARS-CoV Sgp (598–617)[S607P]","","YQDVNCTDVPTAIHADQLTP",""
"15645","Monomer","SARS-CoV Sgp (690–709)[S701L]","","SNNTIAIPTNFLISITTEVM",""
"15646","Monomer","SARS-CoV Sgp (737–756)[T743A,A754V]","","QYGSFCAQLNRALSGIAVEQ",""
"15647","Monomer","SARS-CoV Sgp (890–909)[T894A]","","GIGVAQNVLYENQKQIANQF",""
"15648","Monomer","SARS-CoV Sgp (1161–1180)[K1163E]","","IQEEIDRLNEVAKNLNESLI",""
"15659","Monomer","SARS-CoV-2 HR1P","","ANQFNSAIGKIQDSLSSTASALGKLQDVVNQNAQALNTLVKQ",""
"15660","Monomer","","","VNKKIEEIDKKIEELNKKLEELEKKLEEVNKK",""
"15661","Monomer","","Chol","VNKKIEEIDKKIEELNKKLEELEKKLEEVNKK",""
"15662","Monomer","Alstotide S1","","CRPYGYRCDGVINQCCDPYHCTPPLIGICL",""
"15663","Monomer","P-52","ACT","WEQKIEELLKKAEEQQKKNEEELKKLEK","AMD"
"15664","Monomer","LP-77","ACT","WEQKIEELLKKAEEQQKKNEEELKKLEX","AMD"
"15665","Monomer","LP-78","ACT","WEQKIEELLKKAEEQQKKNEEELKKLEX","AMD"
"15666","Monomer","LP-79","ACT","WEQKIEELLKKAEEQQKKNEEELKKLEX","AMD"
"15667","Monomer","LP-81","ACT","WEQKIEELLKKAEEQQKKNEEELKKLEX","AMD"
"15668","Monomer","LP-82","ACT","WEQKIEELLKKAEEQQKKNEEELKKLEX","AMD"
"15669","Monomer","LP-88","ACT","EQKIEELLKKAEEQQKKNEEELKKLEX","AMD"
"15670","Monomer","LP-89","ACT","KIEELLKKAEEQQKKNEEELKKLEX","AMD"
"15671","Monomer","LP-90","ACT","IEELLKKAEEQQKKNEEELKKLEX","AMD"
"15672","Monomer","LP-91","ACT","WEQKIEELLKKAEEQQKKNEEELKX","AMD"
"15673","Monomer","LP-92","ACT","IEELLKKAEEQQKKNEEELKX","AMD"
"15677","Monomer","Cyclosporin A","","XXXVXAaXXXX",""
"15678","Monomer","RSV Fgp (497-515)","","EKINQSLAFIRKSDELLHNV",""
"15679","Monomer","RSV Fgp (497-515)[A8,K12,E15,N19 - S-ALA-4-pen]","","EKINQSLXFIRXSDXLLHXV",""
"15680","Monomer","RSV Fgp (497-515)[N4,A8,R11,E15 - S-ALA-4-pen]","","EKIXQSLXFIXKSDXLLHNV",""
"15681","Monomer","RSV Fgp (497-515)[K2R-ALA-4-pen; Q5,A8,K12 -S-ALA-4-pen]","","EXINXSLXFIRXSDELLHNV",""
"15682","Monomer","RSV Fgp (497-515)[E1R,K12 -ALA-7-oct; A8,N19 -S-ALA-4-pen]","","XKINQSLXFIRXSDELLHXV",""
"15683","Monomer","RSV Fgp (497-515)[N4,A8,N19 -S-ALA-4-pen; K12R-ALA-7-oct]","","EKIXQSLXFIRXSDELLHXV",""
"15684","Monomer","RSV Fgp (497-515)[N4A;A8,K12,E15,N19 -S-ALA-4-pen]","","EKIAQSLXFIRXSDXLLHXV",""
"15685","Monomer","RSV Fgp (497-515)[R11A;A8,K12,E15,N19 -S-ALA-4-pen]","","EKINQSLXFIAXSDXLLHXV",""
"15686","Monomer","RSV Fgp (497-515)[E1A;N4,A8,R11,E15 - S-ALA-4-pen]","","AKIXQSLXFIXKSDXLLHNV",""
"15687","Monomer","RSV Fgp (497-515)[K2A;N4,A8,R11,E15 - S-ALA-4-pen]","","EAIXQSLXFIXKSDXLLHNV",""
"15688","Monomer","RSV Fgp (497-515)[I3A;N4,A8,R11,E15 - S-ALA-4-pen]","","EKAXQSLXFIXKSDXLLHNV",""
"15689","Monomer","RSV Fgp (497-515)[Q5A;N4,A8,R11,E15 - S-ALA-4-pen]","","EKIXASLXFIXKSDXLLHNV",""
"15690","Monomer","RSV Fgp (497-515)[S6A;N4,A8,R11,E15 - S-ALA-4-pen]","","EKIXQALXFIXKSDXLLHNV",""
"15691","Monomer","RSV Fgp (497-515)[L7A;N4,A8,R11,E15 - S-ALA-4-pen]","","EKIXQSAXFIXKSDXLLHNV",""
"15692","Monomer","RSV Fgp (497-515)[F9A;N4,A8,R11,E15 - S-ALA-4-pen]","","EKIXQSLXAIXKSDXLLHNV",""
"15693","Monomer","RSV Fgp (497-515)[I10A;N4,A8,R11,E15 - S-ALA-4-pen]","","EKIXQSLXFAXKSDXLLHNV",""
"15694","Monomer","RSV Fgp (497-515)[K12A;N4,A8,R11,E15 - S-ALA-4-pen]","","EKIXQSLXFIXASDXLLHNV",""
"15695","Monomer","RSV Fgp (497-515)[S13A;N4,A8,R11,E15 - S-ALA-4-pen]","","EKIXQSLXFIXKADXLLHNV",""
"15696","Monomer","RSV Fgp (497-515)[D14A;N4,A8,R11,E15 - S-ALA-4-pen]","","EKIXQSLXFIXKSAXLLHNV",""
"15697","Monomer","RSV Fgp (497-515)[L16A;N4,A8,R11,E15 - S-ALA-4-pen]","","EKIXQSLXFIXKSDXALHNV",""
"15698","Monomer","RSV Fgp (497-515)[H18A;N4,A8,R11,E15 - S-ALA-4-pen]","","EKIXQSLXFIXKSDXLLANV",""
"15699","Monomer","RSV Fgp (497-515)[N19A;N4,A8,R11,E15 - S-ALA-4-pen]","","EKIXQSLXFIXKSDXLLHAV",""
"15700","Monomer","RSV Fgp (497-515)[V20A;N4,A8,R11,E15 - S-ALA-4-pen]","","EKIXQSLXFIXKSDXLLHNA",""
"15701","Monomer","RSV Fgp (497-515)[E15A;K2R-ALA-4-pen; Q5,A8,K12 -S-ALA-4-pen]","","EXINXSLXFIRXSDALLHNV",""
"15702","Monomer","RSV Fgp (488-522)","","FDASISQVNEKINQSLAFIRKSDELLHNVNAGKST",""
"15703","Monomer","RSV Fgp (488-522)[A3,R20- R-ALA-7-oct;E10,H27- S-ALA-4-pen]","","FDXSISQVNXKINQSLAFIXKSDELLXNVNAGKST",""
"15704","Monomer","FIV Egp (724-758)","ACT","IWNHGNITLGEWYNQTKDLQQKFYEIIMDIEQNNV","AMD"
"15705","Monomer","FIV Egp (725-759)","ACT","WNHGNITLGEWYNQTKDLQQKFYEIIMDIEQNNVQ","AMD"
"15706","Monomer","FIV Egp (728-760)","ACT","GNITLGEWYNQTKDLQQKFYEIIMDIEQNNVQG","AMD"
"15707","Monomer","FIV Egp (729-761)","ACT","NITLGEWYNQTKDLQQKFYEIIMDIEQNNVQGK","AMD"
"15708","Monomer","FIV Egp (730-764)","ACT","ITLGEWYNQTKDLQQKFYEIIMDIEQNNVQGKKGI","AMD"
"15709","Monomer","FIV Egp (731-763)","ACT","TLGEWYNQTKDLQQKFYEIIMDIEQNNVQGKKG","AMD"
"15710","Monomer","FIV Egp (732-766)","ACT","LGEWYNQTKDLQQKFYEIIMDIEQNNVQGKKGIQQ","AMD"
"15711","Monomer","FIV Egp (733-767)","ACT","GEWYNQTKDLQQKFYEIIMDIEQNNVQGKKGIQQL","AMD"
"15712","Monomer","FIV Egp (734-768)","ACT","EWYNQTKDLQQKFYEIIMDIEQNNVQGKKGIQQLQ","AMD"
"15713","Monomer","FIV Egp (735-769)","ACT","WYNQTKDLQQKFYEIIMDIEQNNVQGKKGIQQLQK","AMD"
"15714","Monomer","FIV Egp (736-770)","ACT","YNQTKDLQQKFYEIIMDIEQNNVQGKKGIQQLQKW","AMD"
"15715","Monomer","FIV Egp (737-771)","ACT","NQTKDLQQKFYEIIMDIEQNNVQGKKGIQQLQKWE","AMD"
"15716","Monomer","FIV Egp (738-772)","ACT","QTKDLQQKFYEIIMDIEQNNVQGKKGIQQLQKWED","AMD"
"15717","Monomer","FIV Egp (739-773)","ACT","TKDLQQKFYEIIMDIEQNNVQGKKGIQQLQKWEDW","AMD"
"15718","Monomer","FIV Egp (746-780)","ACT","FYEIIMDIEQNNVQGKKGIQQLQKWEDWVGWIGNI","AMD"
"15719","Monomer","LP-53","ACT","YTSLIHSLIEESQNQQEKNEQELLEX","AMD"
"15720","Monomer","LP-54","ACT","YTSLIEELIKKSEEQQKKNEEELKX","AMD"
"15721","Monomer","LP-55","ACT","WEQKIEELLKKAEEQQKKNEEELKKX","AMD"
"15722","Monomer","LP-56","ACT","WEQKIEELLKKAEEQQKKNEEELKKAEEAX","AMD"
"15723","Monomer","LP-57","ACT","WEQKIEELLKKAEEQQKKNEEEX","AMD"
"15724","Monomer","LP-58","ACT","WEQKIEELLKKAEEQQKKNEX","AMD"
"15725","Monomer","LP-59","ACT","WEQKIEELLKKAEEQQKX","AMD"
"15726","Monomer","LP-60","ACT","SLIEELIKKSEEQQKKNEEELKKLEX","AMD"
"15727","Monomer","LP-61","ACT","IEELIKKSEEQQKKNEEELKKLEX","AMD"
"15728","Monomer","LP-62","ACT","EQKIEELLKKAEEQQKKNEEELKKLEX","AMD"
"15729","Monomer","LP-63","ACT","QKIEELLKKAEEQQKKNEEELKKLEX","AMD"
"15730","Monomer","LP-64","ACT","KIEELLKKAEEQQKKNEEELKKLEX","AMD"
"15731","Monomer","LP-65","ACT","IEELLKKAEEQQKKNEEELKKLEX","AMD"
"15732","Monomer","LP-66","ACT","EELLKKAEEQQKKNEEELKKLEX","AMD"
"15733","Monomer","LP-67","ACT","LLEQAEEQQKKNEEELKKLEX","AMD"
"15734","Monomer","LP-69","ACT","IEELLKKAEEQQKKNEEELKX","AMD"
"15735","Monomer","LP-70","ACT","INNYTSLIEELIKKSEEQQKKNEEELKKLEX","AMD"
"15736","Monomer","LP-71","ACT","IEEYTKKIEEILKKSEEQQKKNEEELKKLEX","AMD"
"15737","Monomer","LP-72","ACT","VRYLEANIEELLKKAEEQQKKNEEELKKLEX","AMD"
"15738","Monomer","LP-73","ACT","VEELEKKIEELLKKAEEQQKKNEEELKKLEX","AMD"
"15739","Monomer","LP-74","ACT","WEEWEKKIEEYTKKIEEILKKSEEQQKKNEEELKKLEX","AMD"
"15740","Monomer","LP-75","ACT","EMTWEEWEKKIEEYTKKIEEILKKSEEQQKKNEEELKKLEX","AMD"
"15741","Monomer","LP-11","ACT","EMTWEEWEKKIEEYTKKIEEILXX","AMD"
"15742","Monomer","LP-19","ACT","EMTWEEWEKKVEELEKKIEELLXX","AMD"
"15743","Monomer","LP-46","ACT","WQEWEQKITALLEQAQIQQEKNEYELQKLDKX","AMD"
"15744","Monomer","LP-48","ACT","WEQKITALLEQAQIQQEKNEYELQKLDKX","AMD"
"15745","Monomer","C34-C16","ACT","WMEWDREINNYTSLIHSLIEESQNQQEKNEQELLX","AMD"
"15746","Monomer","P-50","ACT","YTSLIEELIKKSEEQQKKNEEELKKLEK","AMD"
"15747","Monomer","P-51","ACT","LEANIEELLKKAEEQQKKNEEELKKLEK","AMD"
"15748","Monomer","P-55","ACT","WEQKIEELLKKAEEQQKKNEEELKK","AMD"
"15749","Monomer","P-60","ACT","SLIEELIKKSEEQQKKNEEELKKLEK","AMD"
"15750","Monomer","P-62","ACT","EQKIEELLKKAEEQQKKNEEELKKLEK","AMD"
"15751","Monomer","P-63","ACT","QKIEELLKKAEEQQKKNEEELKKLEK","AMD"
"15752","Monomer","P-64","ACT","KIEELLKKAEEQQKKNEEELKKLEK","AMD"
"15753","Monomer","P-65","ACT","IEELLKKAEEQQKKNEEELKKLEK","AMD"
"15754","Monomer","P-70","ACT","INNYTSLIEELIKKSEEQQKKNEEELKKLEK","AMD"
"15755","Monomer","P-71","ACT","IEEYTKKIEEILKKSEEQQKKNEEELKKLEK","AMD"
"15756","Monomer","P-72","ACT","VRYLEANIEELLKKAEEQQKKNEEELKKLEK","AMD"
"15757","Monomer","P-73","ACT","VEELEKKIEELLKKAEEQQKKNEEELKKLEK","AMD"
"15758","Monomer","P-74","ACT","WEEWEKKIEEYTKKIEEILKKSEEQQKKNEEELKKLEK","AMD"
"15759","Monomer","P-75","ACT","EMTWEEWEKKIEEYTKKIEEILKKSEEQQKKNEEELKKLEK","AMD"
"15777","Monomer","Claudin-1 (1-18)","","MANAGLQLLGFILAFLGW",""
"15778","Monomer","Claudin-1 (5-22)","","GLQLLGFILAFLGWIGAI",""
"15779","Monomer","Claudin-1 (8-25)","","LLGFILAFLGWIGAIVST",""
"15780","Monomer","Claudin-1 (11-28)","","FILAFLGWIGAIVSTALP",""
"15781","Monomer","Claudin-1 (14-31)","","AFLGWIGAIVSTALPQWR",""
"15782","Monomer","Claudin-1 (17-34)","","GWIGAIVSTALPQWRIYS",""
"15783","Monomer","Claudin-1 (20–37)","","GAIVSTALPQWRIYSYAG",""
"15784","Monomer","Claudin-1 (23-40)","","VSTALPQWRIYSYAGDNI",""
"15785","Monomer","Claudin-1 (26-43)","","ALPQWRIYSYAGDNIVTA",""
"15786","Monomer","Claudin-1 (1-14)","","MANAGLQLLGFILA",""
"15787","Monomer","Claudin-1 (1-16)","","MANAGLQLLGFILAFL",""
"15788","Monomer","Claudin-1 (1-20)","","MANAGLQLLGFILAFLGWIG",""
"15789","Monomer","Claudin-1 (1-22)","","MANAGLQLLGFILAFLGWIGAI",""
"15790","Monomer","Claudin-1 (1-24)","","MANAGLQLLGFILAFLGWIGAIVS",""
"15791","Monomer","D-Claudin-1 (1-18)","","manaGlqllGfilaflGw",""
"15792","Monomer","Scrambled Claudin-1 (1-18)","","AGALMFAWLLLGLQGIFN",""
"15793","Monomer","Claudin-1 (53-80)","ACT","SCVSQSTGQIQCKVFDSLLNLSSTLQAT","AMD"
"15794","Monomer","Claudin-6 (1-18)","","MASAGMQILGVVLTLLGW",""
"15795","Monomer","Claudin-7 (1-18)","","MANSGLQLLGFSMALLGW",""
"15796","Monomer","Claudin-9 (1-18)","","MASTGLELLGMTLAVLGW",""
"15801","Monomer","Figainin 2, Figainin-02","","FLGAILKIGHALAKTVLPMVTNAFKPKQ",""
"15802","Monomer","Griffithsin","","SLTHRKFGGSGGSPFSGLSSIAVRSGSYLDAIIIDGVHHGGSGGNLSPTFTFGSGEYISNMTIRSGDYIDNISFETNMGRRFGPYGGSGGSANTLSNVKVIQINGSAGDYLDSLDIYYEQY",""
"15803","Monomer","SARS-CoV Sgp (471-503)","","ALNCYWPLNDYGFYTTTGIGYQPYRVVVLSFEL",""
"15804","Monomer","SARS-CoV Sgp (604-625)","","TDVSTAIHADQLTPAWRIYSTG",""
"15822","Monomer","HCV gp (1155-1169), NS3proC-C15","","PRPISYLKGSSGGPL",""
"15850","Monomer","Sifuvirtide","ACT","SWETWEREIENYTRQIYRILEESQEQQDRNERDLLE","AMD"
"15851","Monomer","MT-Sifuvirtide","ACT","MTWETWEREIENYTRQIYRILEESQEQQDRNERDLLE","AMD"
"15852","Monomer","2P23","ACT","EMTWEEWEKKVEELEKKIEELLK","AMD"
"15853","Monomer","LP-19","ACT","EMTWEEWEKKVEELEKKIEELLX","AMD"
"15854","Monomer","HTLV-1 gp (400-429)","ACT","CCFLNITNSHVSILQERPPLENRVLTGWGL","AMD"
"15855","Monomer","BLV gp (391-419)","ACT","CCFLRIQNDSIIRLGDLQPLSQRVSTDWQ","AMD"
"15856","Monomer","BLV gp (391-419)[R403A]","ACT","CCFLRIQNDSIIALGDLQPLSQRVSTDWQ","AMD"
"15858","Monomer","DENV2 Ep (419-447)","","AWDFGSLGGVFTSIGKALHQVFGAIYGAA",""
"15859","Monomer","DENV3 Ep (419-447)","","AWDFGSVGGVLNSLGKMVHQIFGSAYTAL",""
"15860","Monomer","DENV4 Ep (419-447)","","AWDFGSVGGLFTSLGKAVHQVFGSVYTTM",""
"15861","Monomer","DENV1 Ep (419-447)","","AWDFGSIGGVFTSVGKLVHQVFGTAYGVL",""
"15862","Monomer","DENV2 Ep (419-447)[A24G,I25A,Y26F]","","AWDFGSLGGVFTSIGKALHQVFGGAFGAA",""
"15863","Monomer","WNV gp (419-447)","","AWDFGSVGGVFTSVGKAVHQVFGGAFRSL",""
"15864","Monomer","WNV gp (419-447)[G24W,A25W,F26W]","","AWDFGSVGGVFTSVGKAVHQVFGWWWRSL",""
"15912","Monomer","HD5 [L16R]","","ATCYCRTGRCATRESRSGVCEISGRLYRLCCR",""
"15913","Monomer","Hecate, DP1","","FALALKALKKALKKLKKALKKAL",""
"15990","Monomer","T649v","","XTWXEWDREINNYTSLIHSLIEESQNQQEKNEQELLE",""
"15991","Monomer","SAH-gp41 A","","XTWXEWDXEINNYTSLIHSLIEESQNQQEKNEQELLE",""
"15992","Monomer","SAH-gp41 B","","XTWMEWDREINNYTSLIHSLIEESQNQXEKNXQELLE",""
"15993","Monomer","SAH-gp41 A,B","","XTWXEWDXEINNYTSLIHSLIEESQNQXEKNXQELLE",""
